date,value,yoy
1980-11-03,1595.2,
1980-11-10,1601.2,
1980-11-17,1602.9,
1980-11-24,1594.8,
1980-12-01,1599.8,
1980-12-08,1605.3,
1980-12-15,1606.3,
1980-12-22,1602.5,
1980-12-29,1601.8,
1981-01-05,1620.7,
1981-01-12,1616.7,
1981-01-19,1614.4,
1981-01-26,1599.8,
1981-02-02,1601.0,
1981-02-09,1610.7,
1981-02-16,1611.8,
1981-02-23,1609.0,
1981-03-02,1615.7,
1981-03-09,1629.4,
1981-03-16,1633.5,
1981-03-23,1630.9,
1981-03-30,1637.5,
1981-04-06,1663.6,
1981-04-13,1669.5,
1981-04-20,1672.1,
1981-04-27,1657.1,
1981-05-04,1657.3,
1981-05-11,1659.1,
1981-05-18,1655.8,
1981-05-25,1648.4,
1981-06-01,1656.7,
1981-06-08,1667.5,
1981-06-15,1671.1,
1981-06-22,1665.4,
1981-06-29,1661.8,
1981-07-06,1688.5,
1981-07-13,1687.5,
1981-07-20,1685.6,
1981-07-27,1679.3,
1981-08-03,1687.4,
1981-08-10,1699.3,
1981-08-17,1695.9,
1981-08-24,1690.5,
1981-08-31,1693.3,
1981-09-07,1706.4,
1981-09-14,1714.4,
1981-09-21,1706.1,
1981-09-28,1697.7,
1981-10-05,1722.1,
1981-10-12,1729.4,
1981-10-19,1729.5,
1981-10-26,1720.8,
1981-11-02,1728.3,8.343781344032086
1981-11-09,1740.8,8.718461154134394
1981-11-16,1743.8,8.790317549441617
1981-11-23,1735.2,8.803611738148987
1981-11-30,1744.6,9.051131391423928
1981-12-07,1759.2,9.586993085404604
1981-12-14,1759.1,9.512544356595898
1981-12-21,1760.2,9.84087363494539
1981-12-28,1758.2,9.7640154825821
1982-01-04,1780.1,9.835256370704016
1982-01-11,1783.3,10.304942166140908
1982-01-18,1776.5,10.040882061446975
1982-01-25,1761.4,10.101262657832244
1982-02-01,1762.5,10.087445346658331
1982-02-08,1767.9,9.759731793630099
1982-02-15,1767.1,9.635190470281675
1982-02-22,1761.3,9.46550652579241
1982-03-01,1765.5,9.27152317880795
1982-03-08,1779.6,9.218117098318391
1982-03-15,1782.9,9.146005509641885
1982-03-22,1779.7,9.123796676681572
1982-03-29,1780.8,8.751145038167941
1982-04-05,1808.5,8.710026448665541
1982-04-12,1816.3,8.793051811919739
1982-04-19,1813.8,8.474373542252266
1982-04-26,1799.4,8.587291050630629
1982-05-03,1795.3,8.32679659687443
1982-05-10,1805.0,8.793924416852516
1982-05-17,1804.9,9.004710713854337
1982-05-24,1801.9,9.312060179568071
1982-05-31,1808.8,9.180901792720464
1982-06-07,1825.5,9.475262368815596
1982-06-14,1828.9,9.442881934055425
1982-06-21,1822.6,9.439173772066756
1982-06-28,1813.3,9.116620531953302
1982-07-05,1836.5,8.765176191886281
1982-07-12,1840.6,9.072592592592589
1982-07-19,1834.4,8.827717133364988
1982-07-26,1828.1,8.86083487167273
1982-08-02,1834.5,8.717553632807862
1982-08-09,1847.1,8.697699052551044
1982-08-16,1848.2,8.980482339760588
1982-08-23,1844.2,9.091984619934923
1982-08-30,1843.9,8.89387586369812
1982-09-06,1859.5,8.972105016408815
1982-09-13,1867.0,8.901073261782532
1982-09-20,1860.8,9.067463806341959
1982-09-27,1848.5,8.88260587854155
1982-10-04,1869.8,8.576737703966097
1982-10-11,1877.6,8.569446050653395
1982-10-18,1878.0,8.586296617519507
1982-10-25,1869.8,8.658763365876343
1982-11-01,1877.5,8.632760516114102
1982-11-08,1890.6,8.605238970588225
1982-11-15,1893.7,8.596169285468513
1982-11-22,1887.5,8.777086214845543
1982-11-29,1887.8,8.208185257365596
1982-12-06,1901.5,8.088904047294232
1982-12-13,1900.9,8.060940253538762
1982-12-20,1915.9,8.845585728894445
1982-12-27,1921.4,9.282220452735746
1983-01-03,1945.4,9.285995168810746
1983-01-10,1966.3,10.261874053720632
1983-01-17,1967.8,10.7683647621728
1983-01-24,1960.8,11.320540479164286
1983-01-31,1963.5,11.404255319148927
1983-02-07,1983.4,12.189603484359978
1983-02-14,1986.3,12.404504555486383
1983-02-21,1984.3,12.66110259467439
1983-02-28,1989.0,12.659303313508929
1983-03-07,2008.8,12.879298718813214
1983-03-14,2010.2,12.7488922541926
1983-03-21,2009.6,12.917907512502103
1983-03-28,2006.0,12.646001796945194
1983-04-04,2033.0,12.413602432955484
1983-04-11,2041.8,12.415349887133175
1983-04-18,2037.2,12.316683206527745
1983-04-25,2022.9,12.420806935645224
1983-05-02,2022.0,12.627416030746952
1983-05-09,2032.3,12.592797783933518
1983-05-16,2034.8,12.737547786580961
1983-05-23,2030.6,12.692158277373867
1983-05-30,2031.0,12.284387439186206
1983-06-06,2055.1,12.577376061353052
1983-06-13,2059.9,12.630542949313806
1983-06-20,2052.4,12.6083616811149
1983-06-27,2040.1,12.507582859979038
1983-07-04,2064.4,12.409474543969523
1983-07-11,2078.0,12.89796805389547
1983-07-18,2071.1,12.903401657217618
1983-07-25,2062.0,12.794704884853125
1983-08-01,2065.8,12.608340147179087
1983-08-08,2077.4,12.468193384223936
1983-08-15,2077.7,12.417487284925866
1983-08-22,2070.8,12.28717058887323
1983-08-29,2063.9,11.93123271327079
1983-09-05,2080.6,11.890293089540194
1983-09-12,2088.4,11.858596679164446
1983-09-19,2082.5,11.914230438521066
1983-09-26,2070.7,12.020557208547466
1983-10-03,2087.0,11.616215638036165
1983-10-10,2106.0,12.164465274818914
1983-10-17,2107.1,12.199148029818963
1983-10-24,2098.5,12.231254679644877
1983-10-31,2097.9,11.739014647137157
1983-11-07,2117.0,11.97503438061991
1983-11-14,2122.4,12.076886518455932
1983-11-21,2117.3,12.174834437086112
1983-11-28,2114.5,12.008687360949267
1983-12-05,2128.8,11.953720746778874
1983-12-12,2134.0,12.262612446735744
1983-12-19,2132.8,11.321050159194112
1983-12-26,2128.3,10.768189861559275
1984-01-02,2147.5,10.388609026421292
1984-01-09,2164.1,10.059502619132378
1984-01-16,2153.2,9.421689196056505
1984-01-23,2137.4,9.006527947776434
1984-01-30,2122.5,8.097784568372802
1984-02-06,2147.7,8.283755167893503
1984-02-13,2149.2,8.201178069777981
1984-02-20,2148.0,8.249760620873857
1984-02-27,2143.7,7.777777777777772
1984-03-05,2162.4,7.646356033452806
1984-03-12,2169.1,7.904686100885483
1984-03-19,2169.0,7.931926751592355
1984-03-26,2164.5,7.901296111665013
1984-04-02,2183.3,7.393015248401391
1984-04-09,2204.6,7.973356842002155
1984-04-16,2204.7,8.222069507166685
1984-04-23,2193.0,8.408720154234018
1984-04-30,2177.4,7.685459940652817
1984-05-07,2190.1,7.764601682822425
1984-05-14,2193.9,7.818950265382352
1984-05-21,2193.1,8.002560819462223
1984-05-28,2185.2,7.592319054652874
1984-06-04,2211.2,7.5957374337015215
1984-06-11,2221.1,7.825622603038984
1984-06-18,2216.7,8.005262132137968
1984-06-25,2202.7,7.970197539336299
1984-07-02,2219.2,7.498546793257099
1984-07-09,2236.7,7.637151106833495
1984-07-16,2234.5,7.889527304331034
1984-07-23,2222.9,7.80310378273521
1984-07-30,2216.3,7.285313195856324
1984-08-06,2233.4,7.509386733416767
1984-08-13,2233.3,7.489050392260688
1984-08-20,2229.7,7.673362951516305
1984-08-27,2220.0,7.56335093754541
1984-09-03,2232.7,7.310391233298086
1984-09-10,2251.9,7.828959969354532
1984-09-17,2247.6,7.927971188475391
1984-09-24,2232.2,7.799294924421685
1984-10-01,2243.1,7.479635840919974
1984-10-08,2261.7,7.393162393162389
1984-10-15,2266.7,7.5743913435527555
1984-10-22,2256.7,7.538718131999045
1984-10-29,2252.7,7.378807378807362
1984-11-05,2276.3,7.52479924421352
1984-11-12,2285.4,7.6799849227289885
1984-11-19,2290.2,8.166060548812148
1984-11-26,2285.6,8.091747458027898
1984-12-03,2295.4,7.826005261180002
1984-12-10,2312.6,8.369259606373003
1984-12-17,2315.1,8.547449362340576
1984-12-24,2319.1,8.964901564629034
1984-12-31,2332.2,8.600698486612334
1985-01-07,2353.0,8.728801811376563
1985-01-14,2348.0,9.046999814229984
1985-01-21,2339.5,9.455413118742385
1985-01-28,2324.0,9.493521790341575
1985-02-04,2338.5,8.883922335521731
1985-02-11,2344.9,9.10571375395497
1985-02-18,2344.1,9.12942271880819
1985-02-25,2339.1,9.115081401315495
1985-03-04,2354.5,8.883647798742134
1985-03-11,2362.8,8.929970955695921
1985-03-18,2359.2,8.769017980636228
1985-03-25,2353.8,8.745668745668755
1985-04-01,2368.1,8.464251362616215
1985-04-08,2389.7,8.39608092170916
1985-04-15,2389.8,8.39570009525108
1985-04-22,2380.9,8.56817145462836
1985-04-29,2359.3,8.354000183705335
1985-05-06,2371.6,8.287292817679548
1985-05-13,2375.5,8.277496695382647
1985-05-20,2378.7,8.462906388217583
1985-05-27,2372.8,8.585026542192953
1985-06-03,2393.6,8.248914616497839
1985-06-10,2416.7,8.806447255864214
1985-06-17,2416.9,9.031443136193463
1985-06-24,2407.5,9.297680119852924
1985-07-01,2421.1,9.097873107426114
1985-07-08,2443.4,9.241292976259686
1985-07-15,2440.8,9.232490490042533
1985-07-22,2431.6,9.388636465877909
1985-07-29,2422.9,9.321842710824345
1985-08-05,2443.2,9.39374944031519
1985-08-12,2446.6,9.550888819236093
1985-08-19,2444.4,9.629098084944165
1985-08-26,2434.6,9.666666666666668
1985-09-02,2441.3,9.342948000179163
1985-09-09,2463.1,9.378746836005147
1985-09-16,2458.8,9.39668980245596
1985-09-23,2441.6,9.380879849475864
1985-09-30,2448.6,9.161428380366466
1985-10-07,2472.9,9.338108502453913
1985-10-14,2470.8,9.004279348833123
1985-10-21,2468.7,9.394248238578463
1985-10-28,2455.2,8.98921294446664
1985-11-04,2474.1,8.689540043052313
1985-11-11,2481.4,8.576179224643399
1985-11-18,2483.2,8.427211597240426
1985-11-25,2477.3,8.387294364718256
1985-12-02,2491.3,8.534460224797424
1985-12-09,2503.6,8.259102309089329
1985-12-16,2501.6,8.055807524512982
1985-12-23,2502.1,7.890992195248159
1985-12-30,2505.3,7.422176485721654
1986-01-06,2536.0,7.777305567360826
1986-01-13,2521.5,7.389267461669502
1986-01-20,2510.2,7.2964308612951445
1986-01-27,2492.2,7.23752151462993
1986-02-03,2494.4,6.666666666666665
1986-02-10,2506.8,6.904345601091744
1986-02-17,2502.1,6.740326777867844
1986-02-24,2498.4,6.810311658330126
1986-03-03,2507.9,6.515183690804838
1986-03-10,2527.1,6.9536143558489805
1986-03-17,2527.9,7.150729060698557
1986-03-24,2523.2,7.196873141303417
1986-03-31,2535.2,7.056289852624453
1986-04-07,2570.7,7.5741724902707475
1986-04-14,2573.0,7.665913465561958
1986-04-21,2569.0,7.900373808223771
1986-04-28,2550.4,8.099860128004055
1986-05-05,2564.4,8.129532804857487
1986-05-12,2569.8,8.179330667227958
1986-05-19,2572.2,8.134695421869086
1986-05-26,2566.6,8.167565745111238
1986-06-02,2584.4,7.97125668449199
1986-06-09,2610.1,8.002648239334631
1986-06-16,2612.0,8.072324051470892
1986-06-23,2598.8,7.946002076843195
1986-06-30,2602.4,7.488331750030985
1986-07-07,2639.8,8.037979864123756
1986-07-14,2638.8,8.112094395280245
1986-07-21,2632.3,8.253824642210894
1986-07-28,2621.1,8.18027982995584
1986-08-04,2641.5,8.116404715127711
1986-08-11,2651.0,8.354451074961178
1986-08-18,2648.7,8.357879234167886
1986-08-25,2636.5,8.29294339932638
1986-09-01,2644.5,8.32343423585793
1986-09-08,2670.4,8.416223458243689
1986-09-15,2667.7,8.496014315926459
1986-09-22,2656.4,8.797509829619932
1986-09-29,2651.1,8.27003185493751
1986-10-06,2686.7,8.645719600469072
1986-10-13,2688.4,8.806864173547035
1986-10-20,2688.8,8.915623607566747
1986-10-27,2674.7,8.940208536982741
1986-11-03,2690.1,8.730447435431078
1986-11-10,2705.8,9.043282018215537
1986-11-17,2707.9,9.048807989690744
1986-11-24,2697.1,8.872562870867462
1986-12-01,2716.6,9.043471280054582
1986-12-08,2730.0,9.042978111519417
1986-12-15,2731.0,9.170131116085711
1986-12-22,2738.5,9.448063626553704
1986-12-29,2751.5,9.827166407216703
1987-01-05,2794.4,10.189274447949526
1987-01-12,2770.7,9.883006147134644
1987-01-19,2750.2,9.560991156083176
1987-01-26,2728.4,9.477570018457593
1987-02-02,2727.9,9.360968569595896
1987-02-09,2742.6,9.40641455241742
1987-02-16,2736.8,9.380120698613181
1987-02-23,2730.2,9.277937880243336
1987-03-02,2733.7,9.003548785836735
1987-03-09,2754.4,8.994499624075036
1987-03-16,2751.5,8.845286601526947
1987-03-23,2741.3,8.643785668991777
1987-03-30,2742.5,8.17686967497635
1987-04-06,2781.4,8.196211148714362
1987-04-13,2787.9,8.35211815001944
1987-04-20,2793.2,8.727131179447255
1987-04-27,2764.0,8.375156838143027
1987-05-04,2761.7,7.6938075183278665
1987-05-11,2760.2,7.40913689781304
1987-05-18,2759.3,7.273928932431395
1987-05-25,2751.9,7.219668043325811
1987-06-01,2765.5,7.00742919052777
1987-06-08,2786.5,6.758361748592012
1987-06-15,2781.7,6.496937212863707
1987-06-22,2766.0,6.433738648607035
1987-06-29,2755.4,5.879188441438665
1987-07-06,2800.8,6.098946889915902
1987-07-13,2792.6,5.828406851599199
1987-07-20,2784.6,5.785814686775814
1987-07-27,2770.6,5.703712181908349
1987-08-03,2781.4,5.296233200832856
1987-08-10,2796.7,5.496039230479055
1987-08-17,2792.5,5.429078415826649
1987-08-24,2780.3,5.454200644794249
1987-08-31,2778.2,5.055776139156731
1987-09-07,2801.9,4.924355901737565
1987-09-14,2807.3,5.23297222326351
1987-09-21,2790.9,5.063243487426594
1987-09-28,2774.1,4.639583569084538
1987-10-05,2811.1,4.630215506011104
1987-10-12,2809.6,4.508257699747054
1987-10-19,2812.7,4.608003570365948
1987-10-26,2809.3,5.032340075522512
1987-11-02,2810.7,4.48310471729676
1987-11-09,2826.4,4.457092172370469
1987-11-16,2825.0,4.324384209165766
1987-11-23,2815.7,4.397315635312005
1987-11-30,2818.6,3.754693366708395
1987-12-07,2839.3,4.003663003663016
1987-12-14,2836.9,3.8777004760161216
1987-12-21,2836.8,3.5895563264561003
1987-12-28,2835.4,3.0492458658913257
1988-01-04,2864.7,2.5157457772688074
1988-01-11,2868.9,3.54423069982317
1988-01-18,2861.9,4.061522798341954
1988-01-25,2844.3,4.247910863509752
1988-02-01,2844.6,4.2780160563070435
1988-02-08,2861.0,4.317071392109684
1988-02-15,2859.4,4.479684302835429
1988-02-22,2858.8,4.710277635338089
1988-02-29,2854.8,4.429893550865138
1988-03-07,2883.7,4.694307290153921
1988-03-14,2887.0,4.924586589133195
1988-03-21,2887.9,5.347827673001859
1988-03-28,2882.7,5.112123974475846
1988-04-04,2920.7,5.008269216941108
1988-04-11,2937.7,5.3732199863696595
1988-04-18,2934.2,5.047973650293569
1988-04-25,2915.8,5.492040520984087
1988-05-02,2903.6,5.138139551725396
1988-05-09,2912.5,5.5177161075284475
1988-05-16,2913.1,5.573877432682184
1988-05-23,2907.0,5.636105963152738
1988-05-30,2906.4,5.094919544386189
1988-06-06,2942.9,5.612775883725107
1988-06-13,2941.4,5.74109357587087
1988-06-20,2936.1,6.149674620390444
1988-06-27,2920.1,5.9773535602816175
1988-07-04,2953.0,5.434161668094828
1988-07-11,2967.3,6.255818950082381
1988-07-18,2955.8,6.148100265747325
1988-07-25,2939.9,6.110589763950047
1988-08-01,2944.5,5.8639534047601805
1988-08-08,2960.6,5.8604784209961736
1988-08-15,2956.4,5.869292748433308
1988-08-22,2947.5,6.013739524511741
1988-08-29,2934.7,5.633143762148163
1988-09-05,2957.6,5.556943502623213
1988-09-12,2964.0,5.58187582374523
1988-09-19,2952.6,5.793829947328821
1988-09-26,2930.4,5.634259759922133
1988-10-03,2951.0,4.976699512646299
1988-10-10,2969.3,5.68408314350799
1988-10-17,2971.2,5.635154833434064
1988-10-24,2951.9,5.075997579468194
1988-10-31,2952.9,5.059237912263859
1988-11-07,2983.5,5.558307387489392
1988-11-14,2985.3,5.674336283185855
1988-11-21,2982.7,5.93102958411762
1988-11-28,2979.8,5.719151351734908
1988-12-05,2998.3,5.599971824041128
1988-12-12,3001.1,5.7880080369417275
1988-12-19,2998.4,5.696559503666099
1988-12-26,2991.7,5.512449742540726
1989-01-02,3016.1,5.285021119139888
1989-01-09,3026.3,5.486423367841331
1989-01-16,3009.5,5.157412907508996
1989-01-23,2988.9,5.083851914355031
1989-01-30,2966.0,4.267735358222602
1989-02-06,2988.2,4.445997902831178
1989-02-13,2984.6,4.378540952647403
1989-02-20,2981.6,4.295508605009091
1989-02-27,2973.7,4.164915230488986
1989-03-06,3003.0,4.137046155980162
1989-03-13,3000.8,3.9418081052996268
1989-03-20,2998.3,3.8228470514906965
1989-03-27,2991.4,3.7707704582509605
1989-04-03,3013.9,3.191015852364165
1989-04-10,3036.6,3.3665792967287445
1989-04-17,3035.9,3.466021402767372
1989-04-24,3017.1,3.4741751834830747
1989-05-01,2998.8,3.2786885245901676
1989-05-08,3000.1,3.0077253218883993
1989-05-15,2998.9,2.9453159864062384
1989-05-22,2991.9,2.9205366357069273
1989-05-29,2988.0,2.807597027250197
1989-06-05,3023.5,2.7387950660912708
1989-06-12,3029.0,2.9781736588019303
1989-06-19,3024.4,3.007390756445627
1989-06-26,3008.3,3.0204445053251705
1989-07-03,3039.5,2.929224517439888
1989-07-10,3069.7,3.4509486738786066
1989-07-17,3059.8,3.518505988226539
1989-07-24,3045.9,3.6055648151297692
1989-07-31,3044.8,3.4063508235693707
1989-08-07,3075.6,3.8843477673444538
1989-08-14,3075.9,4.042078203220134
1989-08-21,3074.0,4.291772688719253
1989-08-28,3060.9,4.300269192762474
1989-09-04,3081.2,4.1790641060319045
1989-09-11,3099.9,4.585020242914983
1989-09-18,3090.3,4.6636862426336245
1989-09-25,3068.1,4.699017199017197
1989-10-02,3089.2,4.683158251440189
1989-10-09,3114.4,4.886673626780724
1989-10-16,3117.6,4.927302100161546
1989-10-23,3105.3,5.196653003150509
1989-10-30,3098.8,4.940905550475816
1989-11-06,3133.3,5.020948550360327
1989-11-13,3137.6,5.101664824305763
1989-11-20,3137.3,5.183223254098657
1989-11-27,3134.4,5.188267668971069
1989-12-04,3152.4,5.13957909482039
1989-12-11,3161.8,5.354703275465678
1989-12-18,3161.0,5.422892209178221
1989-12-25,3161.4,5.67236019654378
1990-01-01,3181.9,5.497165213354993
1990-01-08,3195.7,5.597594422231755
1990-01-15,3182.7,5.7551088220634705
1990-01-22,3163.6,5.844959684164741
1990-01-29,3141.9,5.930546190155095
1990-02-05,3169.4,6.06385114784822
1990-02-12,3172.4,6.292300475775647
1990-02-19,3169.7,6.308693319023351
1990-02-26,3165.2,6.439788815280623
1990-03-05,3188.9,6.190476190476191
1990-03-12,3194.2,6.44494801386295
1990-03-19,3191.8,6.453657072341001
1990-03-26,3184.6,6.458514407969496
1990-04-02,3206.1,6.377119347025451
1990-04-09,3235.2,6.540209444773759
1990-04-16,3238.4,6.670180177212681
1990-04-23,3213.3,6.502933280302292
1990-04-30,3190.5,6.39255702280912
1990-05-07,3195.1,6.499783340555321
1990-05-14,3191.1,6.4090166394344505
1990-05-21,3184.6,6.440723286206085
1990-05-28,3173.8,6.2182061579652
1990-06-04,3207.7,6.092277162229198
1990-06-11,3218.1,6.242984483327829
1990-06-18,3216.2,6.341753736278255
1990-06-25,3194.2,6.179569856729694
1990-07-02,3217.3,5.849646323408453
1990-07-09,3238.3,5.492393393491235
1990-07-16,3233.2,5.667037061245828
1990-07-23,3214.1,5.522177353163271
1990-07-30,3208.8,5.386232264844981
1990-08-06,3238.0,5.280270516322028
1990-08-13,3245.7,5.520335511557595
1990-08-20,3242.6,5.484710474951204
1990-08-27,3228.1,5.462445685909367
1990-09-03,3245.5,5.332338050110352
1990-09-10,3266.0,5.358237362495566
1990-09-17,3255.2,5.336051516034024
1990-09-24,3230.4,5.28991884228025
1990-10-01,3242.6,4.965686909232159
1990-10-08,3267.4,4.912663755458513
1990-10-15,3265.2,4.734411085450341
1990-10-22,3247.1,4.566386500499142
1990-10-29,3236.5,4.443655608622676
1990-11-05,3262.5,4.123448121788531
1990-11-12,3268.2,4.162417134115248
1990-11-19,3268.4,4.178752430433819
1990-11-26,3261.3,4.048621745788661
1990-12-03,3264.0,3.540159878188054
1990-12-10,3284.8,3.8901891327724814
1990-12-17,3284.8,3.9164821259095373
1990-12-24,3283.1,3.8495603213765994
1990-12-31,3291.6,3.4476256324837307
1991-01-07,3309.9,3.5735519604468635
1991-01-14,3300.5,3.7012599365318755
1991-01-21,3287.4,3.913263370843345
1991-01-28,3266.9,3.97848435659951
1991-02-04,3287.9,3.7388780210765526
1991-02-11,3300.8,4.047408901777838
1991-02-18,3296.1,3.987759093920573
1991-02-25,3290.0,3.9428788070264176
1991-03-04,3313.9,3.9198469691743343
1991-03-11,3327.7,4.179450253584616
1991-03-18,3327.0,4.235854376840642
1991-03-25,3320.0,4.2517113609244594
1991-04-01,3339.8,4.170175602757253
1991-04-08,3367.9,4.10175568743818
1991-04-15,3371.0,4.094614624505932
1991-04-22,3347.4,4.173279805807106
1991-04-29,3313.8,3.8645980253878776
1991-05-06,3333.3,4.325373227755014
1991-05-13,3335.1,4.512550531164794
1991-05-20,3332.1,4.631664887269982
1991-05-27,3318.2,4.549751087025
1991-06-03,3340.7,4.146273030520309
1991-06-10,3364.4,4.546160778098884
1991-06-17,3359.4,4.452459424165167
1991-06-24,3330.5,4.267109135307745
1991-07-01,3346.1,4.003356852018758
1991-07-08,3374.8,4.2151746286631875
1991-07-15,3366.0,4.1073858715823475
1991-07-22,3347.1,4.1380168631965475
1991-07-29,3332.4,3.8519072550486033
1991-08-05,3357.9,3.702903026559601
1991-08-12,3359.8,3.515420402378533
1991-08-19,3352.5,3.389255535681257
1991-08-26,3339.1,3.4385551872618603
1991-09-02,3343.9,3.031890309659535
1991-09-09,3370.4,3.1965707287201495
1991-09-16,3360.9,3.247112312607525
1991-09-23,3332.5,3.1605993065874083
1991-09-30,3325.4,2.5535064454450085
1991-10-07,3363.0,2.9258737834363613
1991-10-14,3363.3,3.004410143329661
1991-10-21,3356.0,3.3537618182378104
1991-10-28,3337.8,3.1299243009423883
1991-11-04,3361.2,3.0252873563218374
1991-11-11,3375.1,3.2709136527752314
1991-11-18,3375.3,3.270713498959732
1991-11-25,3359.5,3.011069205531536
1991-12-02,3377.4,3.474264705882346
1991-12-09,3393.6,3.312226010716013
1991-12-16,3395.4,3.3670238675109543
1991-12-23,3380.5,2.966708293990439
1991-12-30,3376.0,2.564102564102577
1992-01-06,3398.6,2.6798392700685847
1992-01-13,3396.6,2.911680048477505
1992-01-20,3383.5,2.9232828375007625
1992-01-27,3364.7,2.9936637178976877
1992-02-03,3375.6,2.6673560631405913
1992-02-10,3396.2,2.8902084343189527
1992-02-17,3393.7,2.9610752100967863
1992-02-24,3383.3,2.835866261398179
1992-03-02,3390.7,2.3175110896526574
1992-03-09,3415.9,2.6504793100339707
1992-03-16,3413.7,2.605951307484222
1992-03-23,3395.9,2.286144578313265
1992-03-30,3393.0,1.5929097550751559
1992-04-06,3434.1,1.965616556311045
1992-04-13,3443.2,2.1417976861465293
1992-04-20,3430.3,2.4765489633745696
1992-04-27,3385.9,2.175749894381074
1992-05-04,3392.8,1.7850178501785052
1992-05-11,3397.9,1.883002008935275
1992-05-18,3391.9,1.7946640256895074
1992-05-25,3370.3,1.5701283828581936
1992-06-01,3383.8,1.2901487712156268
1992-06-08,3409.0,1.3256449887052657
1992-06-15,3406.1,1.3901291897362666
1992-06-22,3376.7,1.3871791022368907
1992-06-29,3361.7,0.4662143988523937
1992-07-06,3407.1,0.9570937537039192
1992-07-13,3407.3,1.2269756387403463
1992-07-20,3392.1,1.3444474321054
1992-07-27,3373.0,1.218341135517953
1992-08-03,3389.7,0.9470204592155751
1992-08-10,3408.7,1.455443776415244
1992-08-17,3403.7,1.527218493661442
1992-08-24,3384.4,1.3566529903267455
1992-08-31,3386.3,1.2679805018092738
1992-09-07,3416.3,1.3618561595063028
1992-09-14,3419.6,1.7465559820286192
1992-09-21,3396.1,1.9084771192798167
1992-09-28,3376.3,1.53064293017382
1992-10-05,3413.8,1.5105560511448068
1992-10-12,3428.2,1.929652424701911
1992-10-19,3423.1,1.9994040524433876
1992-10-26,3403.5,1.9683623943915096
1992-11-02,3421.8,1.8029275258836241
1992-11-09,3444.5,2.0562353708038383
1992-11-16,3444.1,2.038337332977802
1992-11-23,3417.5,1.7264473880041598
1992-11-30,3426.5,1.4537810149819252
1992-12-07,3450.6,1.679632248939189
1992-12-14,3448.5,1.5638805442657722
1992-12-21,3435.4,1.6240201153675526
1992-12-28,3430.5,1.6143364928909998
1993-01-04,3455.2,1.6653916318484008
1993-01-11,3456.1,1.7517517517517511
1993-01-18,3431.0,1.4038717304566184
1993-01-25,3394.8,0.8945819835349367
1993-02-01,3385.9,0.30513093968480565
1993-02-08,3407.0,0.31800247335258547
1993-02-15,3405.7,0.35359636974394704
1993-02-22,3395.9,0.3724174622410148
1993-03-01,3396.7,0.17695461114224376
1993-03-08,3422.7,0.19906905939868214
1993-03-15,3418.1,0.12889240413627157
1993-03-22,3403.3,0.21790983244500683
1993-03-29,3396.3,0.09725906277631147
1993-04-05,3438.6,0.13103870009609775
1993-04-12,3456.1,0.37465148698885287
1993-04-19,3438.7,0.24487654141036597
1993-04-26,3399.0,0.3868986089370585
1993-05-03,3412.1,0.568851685923133
1993-05-10,3434.4,1.0741928838400083
1993-05-17,3431.5,1.16748724903446
1993-05-24,3408.1,1.1215618787644877
1993-05-31,3425.4,1.229387079614641
1993-06-07,3462.1,1.5576415371076457
1993-06-14,3459.7,1.5736472798802081
1993-06-21,3432.0,1.6376936061835545
1993-06-28,3408.4,1.389178094416521
1993-07-05,3450.7,1.279680666842764
1993-07-12,3462.6,1.622985941948163
1993-07-19,3444.4,1.5418177530143629
1993-07-26,3418.6,1.3519122442929188
1993-08-02,3434.2,1.3128005428209022
1993-08-09,3458.9,1.4727022031859827
1993-08-16,3453.2,1.4542997326438822
1993-08-23,3429.1,1.320765866918805
1993-08-30,3419.7,0.9863272598411132
1993-09-06,3458.3,1.22940022831719
1993-09-13,3467.2,1.3919756696689545
1993-09-20,3443.0,1.3809958481787898
1993-09-27,3412.4,1.0692177827799743
1993-10-04,3449.1,1.0340383150740928
1993-10-11,3466.5,1.1172043638060902
1993-10-18,3460.9,1.104262218456964
1993-10-25,3430.5,0.7933010136623952
1993-11-01,3448.6,0.7832135133555296
1993-11-08,3479.2,1.0074031064015054
1993-11-15,3485.9,1.2136697540721775
1993-11-22,3466.3,1.4279444038039601
1993-11-29,3466.1,1.1556982343499111
1993-12-06,3498.5,1.3881643772097663
1993-12-13,3501.9,1.5484993475424202
1993-12-20,3492.4,1.6591954357571215
1993-12-27,3485.9,1.614924938055684
1994-01-03,3502.8,1.3776337115072979
1994-01-10,3512.7,1.637684094788927
1994-01-17,3496.9,1.920722821334886
1994-01-24,3459.2,1.8970189701897011
1994-01-31,3437.4,1.5210136152869147
1994-02-07,3469.1,1.8227179336659738
1994-02-14,3467.3,1.8087324191796261
1994-02-21,3454.0,1.7108866574398585
1994-02-28,3448.3,1.5191215002796854
1994-03-07,3485.2,1.8260437666169915
1994-03-14,3487.7,2.0362189520493734
1994-03-21,3476.1,2.13910028501747
1994-03-28,3458.9,1.8431822866060044
1994-04-04,3507.2,1.9949979642877924
1994-04-11,3529.6,2.126674575388443
1994-04-18,3516.9,2.274115217960282
1994-04-25,3474.9,2.2330097087378764
1994-05-02,3469.4,1.6793177222238498
1994-05-09,3489.7,1.6101793617516735
1994-05-16,3483.7,1.521200641119047
1994-05-23,3462.4,1.5932631084768722
1994-05-30,3459.0,0.980907339288839
1994-06-06,3497.1,1.0109471130238967
1994-06-13,3494.4,1.002977136745975
1994-06-20,3473.5,1.2092074592074509
1994-06-27,3450.5,1.2351836638892166
1994-07-04,3489.0,1.109919726432329
1994-07-11,3512.0,1.4266735978744283
1994-07-18,3496.2,1.5038903727790043
1994-07-25,3471.5,1.5474170713157376
1994-08-01,3479.9,1.3307320482208507
1994-08-08,3499.4,1.170892480268293
1994-08-15,3493.4,1.1641376114907898
1994-08-22,3476.8,1.391035548686248
1994-08-29,3458.0,1.1199812849080448
1994-09-05,3489.8,0.9108521527918301
1994-09-12,3499.4,0.9287032764190295
1994-09-19,3479.8,1.0688353180366095
1994-09-26,3448.5,1.0579064587973308
1994-10-03,3466.2,0.49578150821953937
1994-10-10,3494.3,0.8019616327708201
1994-10-17,3492.5,0.9130572972348316
1994-10-24,3462.9,0.944468736335824
1994-10-31,3461.2,0.3653656556283691
1994-11-07,3493.7,0.416762474131982
1994-11-14,3498.0,0.34711265383402523
1994-11-21,3491.4,0.7241150506303473
1994-11-28,3484.9,0.5423963532500631
1994-12-05,3510.1,0.3315706731456203
1994-12-12,3513.5,0.3312487506782036
1994-12-19,3505.5,0.37510021761539836
1994-12-26,3498.4,0.35858745230787914
1995-01-02,3508.3,0.15701724334817868
1995-01-09,3528.1,0.4384092008995921
1995-01-16,3513.7,0.48042551974605274
1995-01-23,3481.7,0.6504394079555942
1995-01-30,3455.3,0.5207424215977197
1995-02-06,3485.2,0.4640973163068107
1995-02-13,3480.4,0.37781559138234666
1995-02-20,3469.9,0.460335842501447
1995-02-27,3463.2,0.4320969753211612
1995-03-06,3492.8,0.21806496040399637
1995-03-13,3499.4,0.3354646328526112
1995-03-20,3492.8,0.48042346307644035
1995-03-27,3479.8,0.6042383416693164
1995-04-03,3504.1,-0.0883895985401395
1995-04-10,3543.8,0.4023118766999234
1995-04-17,3544.1,0.7734083994426877
1995-04-24,3508.9,0.9784454228898731
1995-05-01,3490.5,0.6081743240906157
1995-05-08,3510.3,0.590308622517699
1995-05-15,3508.8,0.7204983207509397
1995-05-22,3503.0,1.1725970425138676
1995-05-29,3500.3,1.1939867013587735
1995-06-05,3549.4,1.4955248634582974
1995-06-12,3560.4,1.8887362637362681
1995-06-19,3547.7,2.1361738880091963
1995-06-26,3521.7,2.0634690624547147
1995-07-03,3553.5,1.8486672398968285
1995-07-10,3587.6,2.1526195899772116
1995-07-17,3574.1,2.228133401979293
1995-07-24,3555.8,2.428345095779938
1995-07-31,3560.1,2.3046639271243397
1995-08-07,3596.8,2.783334285877581
1995-08-14,3593.0,2.8510906280414527
1995-08-21,3585.5,3.1264381040036815
1995-08-28,3568.2,3.1868131868131755
1995-09-04,3597.3,3.080405753911397
1995-09-11,3617.9,3.386294793393163
1995-09-18,3600.8,3.477211333984709
1995-09-25,3569.6,3.5116717413368193
1995-10-02,3581.6,3.3292943280826215
1995-10-09,3618.6,3.5572217611538726
1995-10-16,3616.9,3.561918396564079
1995-10-23,3591.6,3.716538161656402
1995-10-30,3582.9,3.516121576331921
1995-11-06,3623.9,3.7267080745341685
1995-11-13,3625.5,3.6449399656946824
1995-11-20,3623.9,3.7950392392736454
1995-11-27,3618.0,3.819334844615341
1995-12-04,3638.8,3.6665622062049597
1995-12-11,3655.1,4.030169346805179
1995-12-18,3650.0,4.122093852517472
1995-12-25,3648.7,4.2962497141550315
1996-01-01,3661.5,4.36678733289626
1996-01-08,3682.6,4.379127575748987
1996-01-15,3680.0,4.732902638244596
1996-01-22,3640.9,4.572478961426896
1996-01-29,3608.3,4.4279802043238
1996-02-05,3642.0,4.499024446229782
1996-02-12,3647.3,4.795425813124932
1996-02-19,3647.5,5.118303121127399
1996-02-26,3642.4,5.174405174405172
1996-03-04,3683.3,5.454076958314236
1996-03-11,3694.1,5.563810939018121
1996-03-18,3699.2,5.9092991296381125
1996-03-25,3679.7,5.74458302201275
1996-04-01,3702.9,5.673354070945469
1996-04-08,3748.3,5.770641684067956
1996-04-15,3753.2,5.899946389774557
1996-04-22,3716.7,5.922083843939685
1996-04-29,3666.2,5.033662799025929
1996-05-06,3698.7,5.367062644218423
1996-05-13,3697.8,5.386456908344739
1996-05-20,3688.9,5.30687981729947
1996-05-27,3671.5,4.891009342056396
1996-06-03,3711.6,4.569786442779056
1996-06-10,3737.6,4.976968879901134
1996-06-17,3734.9,5.2766581165262005
1996-06-24,3696.4,4.960672402532884
1996-07-01,3715.4,4.556071478823687
1996-07-08,3754.2,4.643772995874684
1996-07-15,3742.4,4.708877759435937
1996-07-22,3726.0,4.786545924967656
1996-07-29,3712.4,4.277969719951691
1996-08-05,3751.8,4.30938612099645
1996-08-12,3751.8,4.419704981909267
1996-08-19,3744.2,4.426160925951739
1996-08-26,3723.5,4.352334510397404
1996-09-02,3734.3,3.8084118644538867
1996-09-09,3776.3,4.378230465186994
1996-09-16,3760.0,4.4212397245056545
1996-09-23,3720.2,4.218960107575076
1996-09-30,3719.3,3.844650435559527
1996-10-07,3765.4,4.0568175537500695
1996-10-14,3768.1,4.180375459647756
1996-10-21,3761.1,4.719345138656861
1996-10-28,3742.8,4.462865276731143
1996-11-04,3780.9,4.332349126631518
1996-11-11,3795.7,4.69452489311819
1996-11-18,3800.8,4.881481277077193
1996-11-25,3783.6,4.577114427860685
1996-12-02,3816.3,4.877981752226002
1996-12-09,3840.3,5.066892834669368
1996-12-16,3839.2,5.183561643835621
1996-12-23,3841.7,5.289555184038153
1996-12-30,3836.3,4.773999726887901
1997-01-06,3874.1,5.200130342692666
1997-01-13,3861.2,4.923913043478256
1997-01-20,3841.2,5.501387019692916
1997-01-27,3804.4,5.434692237341676
1997-02-03,3820.8,4.909390444810557
1997-02-10,3842.8,5.360129410797021
1997-02-17,3839.8,5.272104180945858
1997-02-24,3823.1,4.961014715572154
1997-03-03,3847.2,4.449814025466292
1997-03-10,3879.7,5.024227822744365
1997-03-17,3877.9,4.8307742214533045
1997-03-24,3858.1,4.8482213223904225
1997-03-31,3878.0,4.728726133570982
1997-04-07,3930.6,4.863538137288903
1997-04-14,3934.1,4.8198870297346375
1997-04-21,3920.0,5.4699060994968685
1997-04-28,3856.7,5.19611586929245
1997-05-05,3870.0,4.63135696325736
1997-05-12,3871.5,4.697387635891603
1997-05-19,3866.3,4.809021659573309
1997-05-26,3858.0,5.079667710744928
1997-06-02,3884.0,4.6448970794266575
1997-06-09,3918.6,4.842679794520555
1997-06-16,3912.5,4.755147393504511
1997-06-23,3878.9,4.937236229845254
1997-06-30,3886.0,4.591699413252948
1997-07-07,3946.3,5.116935698684144
1997-07-14,3928.6,4.975416844805469
1997-07-21,3910.1,4.940955448201834
1997-07-28,3893.1,4.867471177674809
1997-08-04,3940.2,5.021589636974233
1997-08-11,3954.9,5.413401567247722
1997-08-18,3958.2,5.715506650285773
1997-08-25,3939.5,5.800993688733724
1997-09-01,3957.2,5.968990172187549
1997-09-08,3988.1,5.608664565844856
1997-09-15,3979.6,5.8404255319148835
1997-09-22,3944.9,6.039997849577983
1997-09-29,3930.4,5.675799209528676
1997-10-06,3986.7,5.877197641684817
1997-10-13,3984.5,5.742947374008134
1997-10-20,3984.1,5.929116481880303
1997-10-27,3955.4,5.680239392967823
1997-11-03,3991.4,5.567457483667915
1997-11-10,4015.2,5.782859551597852
1997-11-17,4018.0,5.714586402862554
1997-11-24,4003.0,5.798710223067971
1997-12-01,4032.4,5.662552734323811
1997-12-08,4053.3,5.546441684243408
1997-12-15,4051.2,5.521983746613879
1997-12-22,4054.1,5.5288023531249175
1997-12-29,4055.4,5.711232176837044
1998-01-05,4100.0,5.831031723497082
1998-01-12,4082.5,5.731378845954627
1998-01-19,4064.6,5.815890867437257
1998-01-26,4028.7,5.895804857533382
1998-02-02,4041.3,5.771042713567831
1998-02-09,4078.1,6.123139377537212
1998-02-16,4081.5,6.294598677014429
1998-02-23,4077.1,6.643823075514632
1998-03-02,4101.2,6.602204200457473
1998-03-09,4141.9,6.758254504214234
1998-03-16,4142.2,6.815544495732229
1998-03-23,4119.2,6.767579896840403
1998-03-30,4118.8,6.209386281588447
1998-04-06,4194.6,6.716531827201955
1998-04-13,4208.4,6.972369792328603
1998-04-20,4197.5,7.07908163265305
1998-04-27,4127.3,7.016361137760274
1998-05-04,4139.5,6.963824289405696
1998-05-11,4146.6,7.105772956218526
1998-05-18,4143.6,7.172231849571942
1998-05-25,4125.3,6.928460342146203
1998-06-01,4156.3,7.010813594232745
1998-06-08,4193.3,7.010156688613289
1998-06-15,4192.9,7.166773162939277
1998-06-22,4159.0,7.221119389517638
1998-06-29,4145.3,6.67267112712302
1998-07-06,4224.6,7.052175455489951
1998-07-13,4202.6,6.974494730947423
1998-07-20,4188.4,7.117465026469905
1998-07-27,4165.8,7.004700624181259
1998-08-03,4201.4,6.629105121567425
1998-08-10,4232.6,7.021669321601065
1998-08-17,4226.4,6.775807185084126
1998-08-24,4206.3,6.772433049879423
1998-08-31,4213.2,6.469220661073494
1998-09-07,4274.9,7.191394398335049
1998-09-14,4278.6,7.513317921399154
1998-09-21,4252.3,7.792339476285837
1998-09-28,4214.7,7.233360472216566
1998-10-05,4279.4,7.341911856924277
1998-10-12,4290.3,7.674739616012061
1998-10-19,4300.1,7.931527823096829
1998-10-26,4280.5,8.219143449461486
1998-11-02,4307.0,7.9070000501077375
1998-11-09,4349.0,8.31340904562663
1998-11-16,4355.8,8.407167745146849
1998-11-23,4333.7,8.261304021983506
1998-11-30,4348.8,7.846443805178049
1998-12-07,4395.1,8.432635136802125
1998-12-14,4397.5,8.548084518167464
1998-12-21,4401.8,8.576502799634955
1998-12-28,4398.1,8.450461113576967
1999-01-04,4439.9,8.29024390243902
1999-01-11,4433.1,8.587875076546236
1999-01-18,4421.7,8.785612360379869
1999-01-25,4374.4,8.580931814232873
1999-02-01,4385.1,8.507163536485795
1999-02-08,4420.5,8.396066795811773
1999-02-15,4423.4,8.376822246723004
1999-02-22,4414.8,8.282848102818186
1999-03-01,4424.0,7.870867063298559
1999-03-08,4464.8,7.795939061783264
1999-03-15,4460.2,7.677079812659948
1999-03-22,4448.6,7.996698388036516
1999-03-29,4444.4,7.905215111197417
1999-04-05,4520.8,7.776665236256131
1999-04-12,4525.2,7.52780153977759
1999-04-19,4530.1,7.923764145324608
1999-04-26,4467.6,8.245099701984348
1999-05-03,4450.0,7.500905906510447
1999-05-10,4471.8,7.84256981623499
1999-05-17,4466.0,7.780673810213323
1999-05-24,4446.6,7.788524470947578
1999-05-31,4468.3,7.50667661140918
1999-06-07,4514.9,7.669377340042427
1999-06-14,4512.4,7.620024326838237
1999-06-21,4491.9,8.00432796345274
1999-06-28,4464.2,7.693049960195886
1999-07-05,4524.2,7.091795672963097
1999-07-12,4538.1,7.983153286061007
1999-07-19,4518.6,7.8836787317352774
1999-07-26,4499.4,8.008065677660948
1999-08-02,4520.7,7.599847669824356
1999-08-09,4556.7,7.657231961442124
1999-08-16,4554.5,7.763108082528869
1999-08-23,4528.6,7.66231604973493
1999-08-30,4518.1,7.236779644925484
1999-09-06,4573.9,6.994315656506589
1999-09-13,4577.2,6.9789183377740205
1999-09-20,4559.4,7.221973990546271
1999-09-27,4514.6,7.1155716895627386
1999-10-04,4568.0,6.743936065803635
1999-10-11,4580.8,6.771088268885617
1999-10-18,4585.6,6.639380479523727
1999-10-25,4556.2,6.440836350893586
1999-11-01,4578.0,6.2920826561411625
1999-11-08,4610.3,6.008277765003456
1999-11-15,4618.0,6.0195601267275745
1999-11-22,4605.1,6.262547015252573
1999-11-29,4607.6,5.951066961000739
1999-12-06,4650.3,5.8064662920070065
1999-12-13,4656.8,5.896532120523035
1999-12-20,4669.1,6.072515788995414
1999-12-27,4669.4,6.168572792796878
2000-01-03,4698.8,5.8312124146940425
2000-01-10,4700.6,6.034152173422669
2000-01-17,4689.6,6.058755682203687
2000-01-24,4653.4,6.378017556693494
2000-01-31,4636.2,5.726209208455901
2000-02-07,4686.1,6.008370093880799
2000-02-14,4676.7,5.726364335126832
2000-02-21,4670.0,5.780556310591645
2000-02-28,4667.9,5.513110307414104
2000-03-06,4724.1,5.807650958609578
2000-03-13,4733.0,6.1163176539168695
2000-03-20,4745.8,6.680753495481717
2000-03-27,4728.6,6.394563945639464
2000-04-03,4785.0,5.844098389665531
2000-04-10,4832.7,6.795279766640139
2000-04-17,4844.5,6.940244144720853
2000-04-24,4802.3,7.49171814844658
2000-05-01,4739.7,6.510112359550568
2000-05-08,4739.8,5.993112393219735
2000-05-15,4741.3,6.1643528884908205
2000-05-22,4725.4,6.269959069851105
2000-05-29,4721.6,5.668822594722833
2000-06-05,4779.1,5.8517353651243775
2000-06-12,4778.5,5.89708359188017
2000-06-19,4764.3,6.064248981500042
2000-06-26,4723.3,5.8039514358675826
2000-07-03,4766.2,5.349011980018559
2000-07-10,4798.4,5.7358806548996055
2000-07-17,4778.0,5.740716151020209
2000-07-24,4756.8,5.720762768369125
2000-07-31,4760.4,5.302276196164302
2000-08-07,4816.2,5.694910790703789
2000-08-14,4808.2,5.570315073004717
2000-08-21,4809.5,6.202799982334484
2000-08-28,4794.6,6.119829131714649
2000-09-04,4841.1,5.841841754301602
2000-09-11,4863.7,6.259285152494964
2000-09-18,4853.8,6.456989954818626
2000-09-25,4804.4,6.4191733486908875
2000-10-02,4835.2,5.849387040280196
2000-10-09,4868.9,6.289294446384908
2000-10-16,4874.9,6.308879972086512
2000-10-23,4844.2,6.32105702120187
2000-10-30,4830.9,5.524246395806021
2000-11-06,4883.1,5.917185432618277
2000-11-13,4882.7,5.73191857947164
2000-11-20,4883.2,6.038956808755502
2000-11-27,4886.3,6.048702144283347
2000-12-04,4922.3,5.849085005268484
2000-12-11,4935.0,5.974059439958768
2000-12-18,4950.8,6.033282645477711
2000-12-25,4958.6,6.193515226795743
2001-01-01,4987.6,6.146250106410145
2001-01-08,5011.1,6.605539718333819
2001-01-15,5007.3,6.774564994882293
2001-01-22,4979.3,7.003481325482452
2001-01-29,4933.0,6.401794573141806
2001-02-05,4993.5,6.559825867992575
2001-02-12,5001.7,6.9493446233455325
2001-02-19,5010.8,7.297644539614567
2001-02-26,5014.1,7.4166113241500575
2001-03-05,5082.3,7.582396646980372
2001-03-12,5094.7,7.642087470948655
2001-03-19,5099.8,7.459227106072741
2001-03-26,5090.4,7.651313285116079
2001-04-02,5143.2,7.485893416927891
2001-04-09,5199.1,7.581683117098104
2001-04-16,5226.8,7.891423263494679
2001-04-23,5176.9,7.800428961122785
2001-04-30,5105.4,7.715678207481491
2001-05-07,5124.2,8.110046837419294
2001-05-14,5119.2,7.97038786830615
2001-05-21,5114.3,8.229991111863555
2001-05-28,5094.9,7.906218231108086
2001-06-04,5172.0,8.22121319913791
2001-06-11,5177.7,8.35408601025427
2001-06-18,5184.2,8.813466826186422
2001-06-25,5130.0,8.610505367010358
2001-07-02,5171.1,8.495237295959047
2001-07-09,5213.8,8.657052350783601
2001-07-16,5208.4,9.00795311845959
2001-07-23,5177.7,8.848385469222997
2001-07-30,5175.7,8.72405680194943
2001-08-06,5239.0,8.778705203272285
2001-08-13,5237.9,8.936816272201643
2001-08-20,5234.1,8.828360536438318
2001-08-27,5212.7,8.720226921953845
2001-09-03,5256.2,8.574497531552726
2001-09-10,5302.2,9.015769887122982
2001-09-17,5463.9,12.569533149285084
2001-09-24,5325.1,10.837981849970868
2001-10-01,5307.9,9.776224354731955
2001-10-08,5341.6,9.70855840128162
2001-10-15,5343.5,9.612504871894823
2001-10-22,5318.4,9.789026051773252
2001-10-29,5302.9,9.770436150613747
2001-11-05,5376.6,10.106284941942612
2001-11-12,5383.2,10.250476170970991
2001-11-19,5395.4,10.48902359108781
2001-11-26,5389.9,10.306366780590626
2001-12-03,5425.9,10.23098957804278
2001-12-10,5462.8,10.695035460992909
2001-12-17,5485.1,10.792195200775634
2001-12-24,5463.0,10.172226031541154
2001-12-31,5480.8,9.888523538375171
2002-01-07,5506.1,9.87807068308355
2002-01-14,5483.6,9.512112316018605
2002-01-21,5450.9,9.47121081276483
2002-01-28,5407.9,9.6270018244476
2002-02-04,5460.9,9.360168218684283
2002-02-11,5473.8,9.438790811124221
2002-02-18,5481.6,9.39570527660254
2002-02-25,5468.0,9.052472028878555
2002-03-04,5518.3,8.578793066131475
2002-03-11,5531.6,8.575578542406825
2002-03-18,5533.4,8.502294207615968
2002-03-25,5492.7,7.903111739745405
2002-04-01,5540.9,7.7325400528853505
2002-04-08,5568.2,7.0993056490546325
2002-04-15,5583.9,6.832096119996933
2002-04-22,5540.8,7.029303250980323
2002-04-29,5469.3,7.127747091315095
2002-05-06,5509.3,7.515319464501791
2002-05-13,5511.2,7.6574464760118754
2002-05-20,5511.2,7.760592847506009
2002-05-27,5491.1,7.776403854835245
2002-06-03,5526.3,6.850348027842235
2002-06-10,5554.2,7.271568457036914
2002-06-17,5567.9,7.401334825045325
2002-06-24,5515.5,7.5146198830409405
2002-07-01,5546.4,7.257643441434114
2002-07-08,5596.1,7.332463845947301
2002-07-15,5593.1,7.386145457338156
2002-07-22,5573.3,7.640458118469606
2002-07-29,5572.6,7.668527928589386
2002-08-05,5638.1,7.617866004962792
2002-08-12,5635.1,7.5831917371465885
2002-08-19,5632.8,7.617355419269778
2002-08-26,5602.1,7.470216970092292
2002-09-02,5634.1,7.189604657357029
2002-09-09,5682.1,7.164950397948022
2002-09-16,5682.6,4.002635480151562
2002-09-23,5620.5,5.547313665471054
2002-09-30,5624.5,5.964694135157034
2002-10-07,5690.1,6.524262393290403
2002-10-14,5702.5,6.718442968092075
2002-10-21,5697.1,7.120562575210609
2002-10-28,5674.3,7.0037149484244665
2002-11-04,5743.4,6.8221552654093465
2002-11-11,5757.9,6.960543914400352
2002-11-18,5780.6,7.139415057271026
2002-11-25,5736.2,6.424980055288598
2002-12-02,5794.1,6.7859709909876775
2002-12-09,5805.1,6.266017426960535
2002-12-16,5824.7,6.1913182986636395
2002-12-23,5808.4,6.322533406553177
2002-12-30,5803.8,5.893300248138966
2003-01-06,5845.2,6.158624071484353
2003-01-13,5823.7,6.20212998759937
2003-01-20,5808.2,6.5548808453649965
2003-01-27,5755.8,6.433181086928386
2003-02-03,5783.5,5.907451152740406
2003-02-10,5826.7,6.447075158025495
2003-02-17,5857.9,6.864784004670166
2003-02-24,5807.5,6.208851499634238
2003-03-03,5852.8,6.0616494210173455
2003-03-10,5892.1,6.517101742714582
2003-03-17,5909.3,6.793291647088595
2003-03-24,5863.2,6.745316511005517
2003-03-31,5890.9,6.316663357938235
2003-04-07,5962.9,7.088466649904812
2003-04-14,5972.1,6.952130231558606
2003-04-21,5955.3,7.4808691885648315
2003-04-28,5897.1,7.8218419176128595
2003-05-05,5958.2,8.14804058591836
2003-05-12,5951.6,7.991000145158966
2003-05-19,5942.1,7.818623893163035
2003-05-26,5915.3,7.725228096374126
2003-06-02,5963.3,7.907641640880869
2003-06-09,6001.0,8.044362824529184
2003-06-16,6029.3,8.286786759819687
2003-06-23,5972.5,8.285740186746438
2003-06-30,5990.6,8.008798499927906
2003-07-07,6082.0,8.682832687049903
2003-07-14,6052.4,8.211903953085042
2003-07-21,6025.8,8.119067697773307
2003-07-28,6004.3,7.746832717223562
2003-08-04,6101.2,8.213759954594613
2003-08-11,6104.5,8.329932033149356
2003-08-18,6139.3,8.991975571651745
2003-08-25,6047.3,7.947019867549665
2003-09-01,6078.7,7.891233737420333
2003-09-08,6120.0,7.706657749775614
2003-09-15,6111.5,7.547601450040475
2003-09-22,6040.3,7.469086380215284
2003-09-29,6008.0,6.818383856342791
2003-10-06,6072.9,6.7274740338482575
2003-10-13,6073.3,6.502411223147742
2003-10-20,6066.2,6.478734794895646
2003-10-27,6019.1,6.076520451861911
2003-11-03,6054.5,5.416652157258772
2003-11-10,6087.5,5.724309209955014
2003-11-17,6107.4,5.653392381413691
2003-11-24,6051.8,5.501900212684352
2003-12-01,6092.5,5.150066446902879
2003-12-08,6108.0,5.2178257049835475
2003-12-15,6114.7,4.9787971912716555
2003-12-22,6104.9,5.104675986502305
2003-12-29,6091.6,4.958820083393634
2004-01-05,6124.9,4.7851228358311015
2004-01-12,6088.1,4.540069028280991
2004-01-19,6068.9,4.488481801590849
2004-01-26,6015.4,4.51023315612078
2004-02-02,6043.6,4.497276735540767
2004-02-09,6081.7,4.376405169306818
2004-02-16,6110.4,4.310418409327577
2004-02-23,6089.2,4.850624192854069
2004-03-01,6119.9,4.5636276653909125
2004-03-08,6162.9,4.595984453760105
2004-03-15,6182.5,4.623221024486823
2004-03-22,6177.2,5.355437303861366
2004-03-29,6174.9,4.820995094128233
2004-04-05,6255.2,4.901977225846488
2004-04-12,6273.4,5.04512650491451
2004-04-19,6263.2,5.170184541500844
2004-04-26,6199.0,5.119465499991516
2004-05-03,6226.9,4.509751267161222
2004-05-10,6258.6,5.158276765911696
2004-05-17,6287.2,5.807711078574895
2004-05-24,6229.4,5.309958920088564
2004-05-31,6249.7,4.802709908943026
2004-06-07,6303.1,5.034160973171153
2004-06-14,6310.4,4.662232763339014
2004-06-21,6273.2,5.034742570113004
2004-06-28,6237.5,4.121456949220437
2004-07-05,6309.7,3.743834265044388
2004-07-12,6309.7,4.251206133104235
2004-07-19,6282.8,4.264993859736466
2004-07-26,6247.3,4.047099578635316
2004-08-02,6284.3,3.001048973972331
2004-08-09,6320.7,3.5416496027520727
2004-08-16,6334.1,3.173000179173524
2004-08-23,6295.5,4.104311014833062
2004-08-30,6275.6,3.239179429812311
2004-09-06,6357.4,3.8790849673202565
2004-09-13,6368.1,4.198641904606082
2004-09-20,6350.9,5.142128702216775
2004-09-27,6299.8,4.8568575233022715
2004-10-04,6353.5,4.62052726045219
2004-10-11,6366.0,4.819455650140769
2004-10-18,6380.5,5.181167782137086
2004-10-25,6332.1,5.200112973700377
2004-11-01,6362.3,5.083821950615253
2004-11-08,6409.0,5.281314168377826
2004-11-15,6429.5,5.273929986573678
2004-11-22,6403.3,5.808189299051514
2004-11-29,6404.1,5.114485022568749
2004-12-06,6445.8,5.530451866404729
2004-12-13,6450.6,5.493319377892636
2004-12-20,6465.1,5.900178545103119
2004-12-27,6457.5,6.006632083524854
2005-01-03,6449.3,5.296413002661282
2005-01-10,6444.9,5.860613327639164
2005-01-17,6443.9,6.179043978315679
2005-01-24,6378.9,6.042823419888954
2005-01-31,6350.9,5.084717717916454
2005-02-07,6414.6,5.473798444513878
2005-02-14,6409.1,4.888387012306894
2005-02-21,6410.1,5.2699862050844315
2005-02-28,6413.3,4.794195983594518
2005-03-07,6466.8,4.931120089568242
2005-03-14,6474.0,4.714921148402751
2005-03-21,6471.4,4.76267564592372
2005-03-28,6469.9,4.777405302110149
2005-04-04,6528.3,4.3659675150275135
2005-04-11,6544.1,4.31504447349127
2005-04-18,6558.1,4.708455741474005
2005-04-25,6467.6,4.332956928536857
2005-05-02,6448.5,3.5587531516485083
2005-05-09,6478.6,3.515163135525512
2005-05-16,6482.8,3.1110828349662834
2005-05-23,6445.4,3.4674286448133085
2005-05-30,6444.6,3.1185496903851417
2005-06-06,6528.1,3.569672066126195
2005-06-13,6532.0,3.511663286004052
2005-06-20,6531.6,4.119109864184156
2005-06-27,6487.0,4.0000000000000036
2005-07-04,6547.4,3.767215556999548
2005-07-11,6548.9,3.7909884780575887
2005-07-18,6540.6,4.103266059718602
2005-07-25,6503.1,4.094568853744818
2005-08-01,6534.5,3.9813503492831304
2005-08-08,6577.9,4.069169554005092
2005-08-15,6577.8,3.8474289954373964
2005-08-22,6557.5,4.161702803589873
2005-08-29,6527.0,4.005991458983993
2005-09-05,6607.1,3.9277062950262787
2005-09-12,6615.2,3.880278261961956
2005-09-19,6607.5,4.040372230707456
2005-09-26,6550.0,3.9715546525286527
2005-10-03,6597.9,3.8466986700243844
2005-10-10,6626.1,4.08576814326107
2005-10-17,6653.7,4.281796097484514
2005-10-24,6599.8,4.227665387470192
2005-10-31,6593.0,3.626047184194392
2005-11-07,6661.0,3.931970666250595
2005-11-14,6670.3,3.7452367991290147
2005-11-21,6668.0,4.133806006278018
2005-11-28,6647.9,3.8069361815087133
2005-12-05,6696.4,3.8878029104222778
2005-12-12,6702.7,3.9081635816823113
2005-12-19,6718.1,3.9133192061994393
2005-12-26,6716.2,4.0061943476577655
2006-01-02,6737.1,4.46249980618052
2006-01-09,6755.6,4.820866111188704
2006-01-16,6745.8,4.685050978444738
2006-01-23,6695.4,4.961670507454263
2006-01-30,6645.3,4.635563463446135
2006-02-06,6711.5,4.6285037258753325
2006-02-13,6714.9,4.771340749871267
2006-02-20,6739.8,5.143445500070198
2006-02-27,6741.5,5.117490215645604
2006-03-06,6808.7,5.287004391662031
2006-03-13,6799.5,5.027803521779428
2006-03-20,6808.8,5.21370955280156
2006-03-27,6787.1,4.902703287531507
2006-04-03,6846.8,4.878758635479374
2006-04-10,6888.4,5.261227670726298
2006-04-17,6927.8,5.637303487290524
2006-04-24,6844.0,5.819778588657298
2006-05-01,6790.8,5.308211211909741
2006-05-08,6803.9,5.021146544006405
2006-05-15,6821.5,5.224594311100139
2006-05-22,6799.9,5.5000465448226565
2006-05-29,6787.0,5.312975204046788
2006-06-05,6863.4,5.13625710390464
2006-06-12,6868.6,5.153092467850584
2006-06-19,6873.1,5.228427950272518
2006-06-26,6829.6,5.28133189455835
2006-07-03,6879.8,5.076824388306811
2006-07-10,6915.0,5.5902517980118915
2006-07-17,6898.4,5.470446136440077
2006-07-24,6850.1,5.335916716642841
2006-07-31,6840.1,4.676715892570216
2006-08-07,6912.2,5.082169081317756
2006-08-14,6906.4,4.995591231110708
2006-08-21,6908.8,5.357224552039641
2006-08-28,6876.2,5.350084265359278
2006-09-04,6939.6,5.032465075449144
2006-09-11,6949.8,5.058048131575776
2006-09-18,6940.8,5.044267877412034
2006-09-25,6882.4,5.074809160305338
2006-10-02,6924.5,4.950059867533607
2006-10-09,6980.8,5.353073451955148
2006-10-16,7000.2,5.207628838090095
2006-10-23,6957.3,5.416830813054951
2006-10-30,6941.1,5.279842256939182
2006-11-06,7023.1,5.4361207025972025
2006-11-13,7028.1,5.364076578264854
2006-11-20,7040.0,5.578884223155378
2006-11-27,7041.4,5.919162442274994
2006-12-04,7074.3,5.643330744877861
2006-12-11,7083.5,5.681292613424449
2006-12-18,7101.5,5.706970720888349
2006-12-25,7119.5,6.004883714004938
2007-01-01,7136.3,5.925398168351359
2007-01-08,7153.8,5.894369115992659
2007-01-15,7146.6,5.941474695366011
2007-01-22,7092.4,5.929444095946468
2007-01-29,7038.7,5.9199735151159505
2007-02-05,7105.7,5.873500707740442
2007-02-12,7107.0,5.839253004512357
2007-02-19,7121.5,5.663372800379829
2007-02-26,7124.4,5.67974486390268
2007-03-05,7174.7,5.375475494587811
2007-03-12,7197.2,5.848959482314875
2007-03-19,7220.0,6.039243332158373
2007-03-26,7219.8,6.3753296695201245
2007-04-02,7278.4,6.303674709353269
2007-04-09,7344.3,6.61837291678764
2007-04-16,7355.2,6.1693466901469485
2007-04-23,7301.6,6.686148451198126
2007-04-30,7216.2,6.264357660364017
2007-05-07,7260.9,6.716735989652989
2007-05-14,7261.2,6.445796379095503
2007-05-21,7249.9,6.617744378593793
2007-05-28,7227.2,6.48592898187712
2007-06-04,7295.7,6.298627502404064
2007-06-11,7304.4,6.344815537372961
2007-06-18,7314.8,6.426503324555144
2007-06-25,7252.8,6.196556167271883
2007-07-02,7300.6,6.116456873746334
2007-07-09,7328.4,5.978308026030366
2007-07-16,7313.5,6.017337353589247
2007-07-23,7270.7,6.140056349542333
2007-07-30,7260.8,6.150494875805901
2007-08-06,7340.5,6.196290616590949
2007-08-13,7343.1,6.32312058380633
2007-08-20,7367.7,6.642253358036121
2007-08-27,7366.9,7.136208952619172
2007-09-03,7390.3,6.494610640382725
2007-09-10,7403.0,6.521050965495401
2007-09-17,7404.5,6.680786076532952
2007-09-24,7331.3,6.52243403463908
2007-10-01,7356.5,6.2387175969384145
2007-10-08,7407.1,6.106749942699974
2007-10-15,7406.4,5.8026913516756595
2007-10-22,7368.5,5.9103387808489005
2007-10-29,7370.8,6.190661422541099
2007-11-05,7429.3,5.783770699548629
2007-11-12,7430.8,5.729855864316091
2007-11-19,7459.4,5.957386363636363
2007-11-26,7456.3,5.892294146050503
2007-12-03,7481.0,5.748978697538987
2007-12-10,7505.9,5.963153808145694
2007-12-17,7517.8,5.862141801027954
2007-12-24,7513.8,5.538310274597946
2007-12-31,7526.4,5.466418171881782
2008-01-07,7551.9,5.564874612094273
2008-01-14,7517.7,5.192679036185033
2008-01-21,7508.1,5.861203541819426
2008-01-28,7483.4,6.317928026482167
2008-02-04,7561.8,6.418790548432951
2008-02-11,7578.8,6.638525397495432
2008-02-18,7595.3,6.653092747314471
2008-02-25,7604.4,6.737409466060296
2008-03-03,7664.7,6.8295538489414165
2008-03-10,7707.7,7.093036180736956
2008-03-17,7748.3,7.317174515235458
2008-03-24,7737.9,7.176099060915808
2008-03-31,7747.1,6.439602110353926
2008-04-07,7825.6,6.5533815339787305
2008-04-14,7829.2,6.4444202740918
2008-04-21,7817.4,7.064205105730248
2008-04-28,7684.3,6.486793603281504
2008-05-05,7713.3,6.230632566210814
2008-05-12,7722.4,6.351567234066002
2008-05-19,7726.5,6.57388377770729
2008-05-26,7707.7,6.648494576046038
2008-06-02,7743.2,6.133750017133388
2008-06-09,7770.5,6.381085373199724
2008-06-16,7776.7,6.314595067534312
2008-06-23,7717.9,6.4126957864548695
2008-06-30,7713.2,5.651590280250929
2008-07-07,7795.9,6.379291523388453
2008-07-14,7776.7,6.333492855677858
2008-07-21,7761.7,6.753132435666442
2008-07-28,7721.8,6.349162626707794
2008-08-04,7775.2,5.921939922348618
2008-08-11,7775.7,5.8912448420966435
2008-08-18,7765.2,5.395170813143868
2008-08-25,7725.0,4.86093200667852
2008-09-01,7738.2,4.707522022110067
2008-09-08,7768.9,4.942590841550709
2008-09-15,7787.0,5.165777567695318
2008-09-22,7886.1,7.56755282146413
2008-09-29,7870.7,6.989736967307825
2008-10-06,7901.0,6.667926718958839
2008-10-13,7947.0,7.299092676604024
2008-10-20,7980.0,8.298839655289413
2008-10-27,7902.2,7.209529494763123
2008-11-03,7949.1,6.996621485200483
2008-11-10,7987.0,7.485062173655588
2008-11-17,8025.3,7.586401051022884
2008-11-24,8015.5,7.499698241755293
2008-12-01,8102.3,8.305039433230842
2008-12-08,8187.2,9.076859537164106
2008-12-15,8238.0,9.57993029875761
2008-12-22,8261.5,9.951023450184993
2008-12-29,8277.4,9.978210034013602
2009-01-05,8345.7,10.511262066499839
2009-01-12,8308.9,10.524495523896938
2009-01-19,8298.1,10.521969606158677
2009-01-26,8249.6,10.238661570943709
2009-02-02,8267.8,9.336401385913383
2009-02-09,8307.0,9.608381274080324
2009-02-16,8329.0,9.659921267099381
2009-02-23,8308.8,9.26305822944611
2009-03-02,8374.1,9.255417694104139
2009-03-09,8457.7,9.730529211048712
2009-03-16,8507.4,9.796987726339967
2009-03-23,8456.5,9.286757388955657
2009-03-30,8427.4,8.781350440810098
2009-04-06,8493.5,8.53480883254958
2009-04-13,8513.9,8.745465692535625
2009-04-20,8485.9,8.551436539002744
2009-04-27,8378.7,9.036607107999428
2009-05-04,8430.0,9.291742833806538
2009-05-11,8449.0,9.40899202320522
2009-05-18,8458.9,9.479065553614173
2009-05-25,8424.3,9.29719631018331
2009-06-01,8452.2,9.156421117884083
2009-06-08,8510.8,9.527057460909848
2009-06-15,8507.0,9.390872735221878
2009-06-22,8435.3,9.295274621334816
2009-06-29,8386.4,8.727895037079293
2009-07-06,8473.1,8.686617324491097
2009-07-13,8443.5,8.574331014440585
2009-07-20,8418.2,8.458198590514975
2009-07-27,8384.4,8.580900826232218
2009-08-03,8415.9,8.240302500257224
2009-08-10,8435.0,8.478979384492714
2009-08-17,8437.4,8.656570339463254
2009-08-24,8358.6,8.201941747572828
2009-08-31,8369.8,8.16210488227236
2009-09-07,8441.0,8.651160395937652
2009-09-14,8454.6,8.573263130859132
2009-09-21,8402.1,6.543158215087308
2009-09-28,8361.3,6.233244819393446
2009-10-05,8433.5,6.739653208454621
2009-10-12,8448.2,6.306782433622771
2009-10-19,8466.6,6.097744360902269
2009-10-26,8408.6,6.408341980714249
2009-11-02,8454.0,6.351662452353102
2009-11-09,8513.0,6.585701765368723
2009-11-16,8540.2,6.415959527992721
2009-11-23,8499.4,6.037053209406773
2009-11-30,8523.1,5.193587006158751
2009-12-07,8575.9,4.747654875903851
2009-12-14,8574.3,4.082301529497445
2009-12-21,8557.3,3.580463596199235
2009-12-28,8544.1,3.22202624012371
2010-01-04,8551.8,2.4695352097487078
2010-01-11,8513.2,2.458809228658443
2010-01-18,8496.9,2.3957291428158056
2010-01-25,8432.0,2.2110162916989973
2010-02-01,8450.2,2.2061491569704383
2010-02-08,8502.3,2.3510292524376863
2010-02-15,8550.9,2.6641853763957224
2010-02-22,8528.1,2.639370306181421
2010-03-01,8547.3,2.0682819646290262
2010-03-08,8601.3,1.6978611206356131
2010-03-15,8619.1,1.3129745868303067
2010-03-22,8583.5,1.5018033465381553
2010-03-29,8576.4,1.768042338087672
2010-04-05,8677.2,2.1628303997174303
2010-04-12,8660.9,1.726588285039754
2010-04-19,8641.2,1.830094627558676
2010-04-26,8545.9,1.995536300380718
2010-05-03,8572.4,1.6892052194543261
2010-05-10,8599.9,1.7860101787193772
2010-05-17,8636.4,2.0983815862582578
2010-05-24,8566.1,1.6832259060099997
2010-05-31,8608.3,1.8468564397434717
2010-06-07,8669.9,1.869389481599848
2010-06-14,8647.6,1.6527565534266042
2010-06-21,8617.8,2.1635270826170894
2010-06-28,8575.8,2.2584183916817713
2010-07-05,8624.9,1.7915520883737823
2010-07-12,8620.0,2.090365369811087
2010-07-19,8594.9,2.099023544225598
2010-07-26,8554.8,2.0323457850293325
2010-08-02,8604.0,2.2350550743235997
2010-08-09,8644.7,2.4860699466508596
2010-08-16,8650.4,2.5244743641406053
2010-08-23,8598.6,2.87129423587682
2010-08-30,8604.5,2.8041291309230942
2010-09-06,8688.4,2.930932353986493
2010-09-13,8701.4,2.9191209519078276
2010-09-20,8664.6,3.1242189452636904
2010-09-27,8622.1,3.1191321923624393
2010-10-04,8711.3,3.2940060473113153
2010-10-11,8734.3,3.386520205487531
2010-10-18,8757.8,3.439397160607549
2010-10-25,8687.1,3.3120852460576167
2010-11-01,8724.2,3.1961201797965577
2010-11-08,8787.5,3.2244802067426193
2010-11-15,8807.2,3.126390482658481
2010-11-22,8782.9,3.3355295667929497
2010-11-29,8804.1,3.2969224812568143
2010-12-06,8848.7,3.1810072412225
2010-12-13,8869.1,3.438181542516605
2010-12-20,8879.3,3.762869129281432
2010-12-27,8895.9,4.11746117203684
2011-01-03,8910.4,4.193269253256626
2011-01-10,8909.5,4.655123807733874
2011-01-17,8932.6,5.127752474431868
2011-01-24,8812.4,4.5113851992409915
2011-01-31,8812.0,4.281555466142795
2011-02-07,8889.4,4.552885689754538
2011-02-14,8907.6,4.171490720275073
2011-02-21,8908.5,4.460548070496362
2011-02-28,8931.4,4.493816760848457
2011-03-07,9019.8,4.865543580621545
2011-03-14,9033.2,4.804445939831314
2011-03-21,9028.8,5.187860429894564
2011-03-28,9008.4,5.037078494473213
2011-04-04,9093.6,4.798783017563268
2011-04-11,9102.1,5.09415880566686
2011-04-18,9119.7,5.537425357589232
2011-04-25,9042.6,5.812143835055417
2011-05-02,9024.2,5.270402687695408
2011-05-09,9054.2,5.2826195653437935
2011-05-16,9077.0,5.101662729841139
2011-05-23,9025.4,5.361833273018046
2011-05-30,9043.8,5.05907089669273
2011-06-06,9120.2,5.1938315320822825
2011-06-13,9121.3,5.47782043572782
2011-06-20,9131.0,5.955116154935136
2011-06-27,9141.4,6.595303062105007
2011-07-04,9273.9,7.524724924346948
2011-07-11,9267.6,7.512761020881675
2011-07-18,9267.2,7.822080536131915
2011-07-25,9231.4,7.909010146350592
2011-08-01,9408.7,9.352626685262667
2011-08-08,9477.3,9.631334806297476
2011-08-15,9498.4,9.803014889484874
2011-08-22,9476.1,10.205149675528569
2011-08-29,9454.1,9.873903190191191
2011-09-05,9538.4,9.783159154735044
2011-09-12,9540.3,9.640977313995446
2011-09-19,9515.0,9.814648108395074
2011-09-26,9464.8,9.773721019241233
2011-10-03,9554.6,9.680529886469301
2011-10-10,9575.1,9.626415396769072
2011-10-17,9612.8,9.762725798716577
2011-10-24,9514.1,9.519862785049105
2011-10-31,9544.7,9.40487379931685
2011-11-07,9653.4,9.85376955903272
2011-11-14,9674.2,9.844218366790813
2011-11-21,9637.8,9.733687050974037
2011-11-28,9633.7,9.422882520643805
2011-12-05,9703.2,9.656785742538453
2011-12-12,9734.9,9.76198261379395
2011-12-19,9737.2,9.6617976642303
2011-12-26,9731.3,9.390842972605352
2012-01-02,9843.1,10.467543544622027
2012-01-09,9840.4,10.448397777653074
2012-01-16,9823.3,9.97134093097194
2012-01-23,9728.3,10.393309427624708
2012-01-30,9695.1,10.021561507035859
2012-02-06,9782.6,10.047922244470954
2012-02-13,9808.2,10.110467465984097
2012-02-20,9807.6,10.09260818319584
2012-02-27,9793.0,9.646863873524868
2012-03-05,9903.6,9.798443424466186
2012-03-12,9924.9,9.871363414958134
2012-03-19,9919.9,9.869528619528634
2012-03-26,9882.1,9.698725633852856
2012-04-02,9974.7,9.689231987331759
2012-04-09,10039.9,10.30311686314147
2012-04-16,10041.9,10.112174742590208
2012-04-23,9903.2,9.517174264039108
2012-04-30,9852.1,9.174220429511749
2012-05-07,9921.0,9.573457621877136
2012-05-14,9918.7,9.272887517902406
2012-05-21,9891.0,9.59071066102335
2012-05-28,9859.0,9.013910082045173
2012-06-04,9953.1,9.132475165018317
2012-06-11,10000.7,9.641169570127083
2012-06-18,9999.7,9.513744387252231
2012-06-25,9902.9,8.330233881024785
2012-07-02,10003.4,7.866162024606682
2012-07-09,10055.6,8.502740731149384
2012-07-16,10049.1,8.437284185082872
2012-07-23,9971.6,8.018285417163163
2012-07-30,9988.2,6.1591930872490375
2012-08-06,10082.4,6.384729828115598
2012-08-13,10102.9,6.364229765013052
2012-08-20,10078.2,6.353879760661041
2012-08-27,10048.3,6.28510381739138
2012-09-03,10147.4,6.384718611087803
2012-09-10,10193.9,6.850937601542939
2012-09-17,10214.2,7.3483972674724285
2012-09-24,10110.8,6.8252894937029795
2012-10-01,10211.1,6.871035940803383
2012-10-08,10256.8,7.119507890257015
2012-10-15,10289.0,7.0343708388814985
2012-10-22,10225.0,7.472067773094659
2012-10-29,10235.3,7.235429086299194
2012-11-05,10386.6,7.595251414009585
2012-11-12,10355.2,7.0393417543569425
2012-11-19,10352.8,7.418705513706447
2012-11-26,10325.5,7.181041552051637
2012-12-03,10425.4,7.442905433259117
2012-12-10,10476.7,7.620006368837906
2012-12-17,10541.6,8.261101754097687
2012-12-24,10563.8,8.554869339142757
2012-12-31,10630.6,8.000528288852093
2013-01-07,10644.8,8.17446445266452
2013-01-14,10577.1,7.673592377307026
2013-01-21,10490.2,7.8317897268793235
2013-01-28,10412.9,7.403740033625228
2013-02-04,10480.2,7.1310285609142765
2013-02-11,10503.0,7.0838685997430595
2013-02-18,10496.2,7.021085688649631
2013-02-25,10462.9,6.840600428877774
2013-03-04,10586.3,6.8934528858192845
2013-03-11,10614.2,6.945158137613494
2013-03-18,10642.2,7.281323400437523
2013-03-25,10596.1,7.2251849303285764
2013-04-01,10734.5,7.61727169739439
2013-04-08,10733.0,6.9034552136973515
2013-04-15,10754.0,7.091287505352573
2013-04-22,10643.0,7.47031262622182
2013-04-29,10545.4,7.0370783893789035
2013-05-06,10606.8,6.912609615966114
2013-05-13,10611.3,6.982769919445064
2013-05-20,10584.6,7.012435547467399
2013-05-27,10551.3,7.022010345876861
2013-06-03,10646.3,6.9646642754518595
2013-06-10,10680.2,6.794524383293177
2013-06-17,10686.4,6.8672060161804716
2013-06-24,10572.3,6.759636066202823
2013-07-01,10682.9,6.792690485235031
2013-07-08,10718.2,6.589363140936388
2013-07-15,10714.2,6.618503149535782
2013-07-22,10672.2,7.025953708532229
2013-07-29,10659.6,6.721931879617937
2013-08-05,10761.9,6.739466793620563
2013-08-12,10760.8,6.5119916063704375
2013-08-19,10739.2,6.558710880911267
2013-08-26,10709.5,6.580217549237188
2013-09-02,10787.4,6.307034314208559
2013-09-09,10827.1,6.211557892465103
2013-09-16,10833.4,6.062148773276399
2013-09-23,10769.4,6.513826799066358
2013-09-30,10839.3,6.152128565972315
2013-10-07,10913.9,6.40648155370096
2013-10-14,10967.6,6.595393138303041
2013-10-21,10987.4,7.456234718826393
2013-10-28,10908.6,6.5782146102215
2013-11-04,10989.5,5.804594381221961
2013-11-11,10972.6,5.9622218788627945
2013-11-18,10995.2,6.205084614790213
2013-11-25,10953.6,6.082998402014428
2013-12-02,11042.1,5.915360561705074
2013-12-09,11085.6,5.811944600876218
2013-12-16,11110.4,5.395765348713666
2013-12-23,11128.5,5.345614267593102
2013-12-30,11139.6,4.788064643576084
2014-01-06,11190.2,5.123628438298522
2014-01-13,11142.3,5.3436197067249
2014-01-20,11112.2,5.9293435778154935
2014-01-27,11043.9,6.059791220505328
2014-02-03,11101.0,5.923551077269518
2014-02-10,11149.7,6.15728839379226
2014-02-17,11198.5,6.6909929307749305
2014-02-24,11147.1,6.539295988683835
2014-03-03,11217.8,5.965256983081901
2014-03-10,11271.4,6.191705451188012
2014-03-17,11310.0,6.2750183232790135
2014-03-24,11267.7,6.3381810288691165
2014-03-31,11314.5,5.403139410312541
2014-04-07,11391.3,6.133420292555658
2014-04-14,11415.6,6.152129440208287
2014-04-21,11354.5,6.685145165836692
2014-04-28,11230.4,6.49572325374097
2014-05-05,11284.3,6.387411849002533
2014-05-12,11285.0,6.348892218672564
2014-05-19,11277.5,6.546303119626629
2014-05-26,11250.4,6.625723844455189
2014-06-02,11344.2,6.5553290814649445
2014-06-09,11362.5,6.388457144997273
2014-06-16,11379.4,6.484877975744863
2014-06-23,11289.1,6.779981650161271
2014-06-30,11342.2,6.171545179679683
2014-07-07,11425.5,6.599055811610155
2014-07-14,11422.4,6.609919546023013
2014-07-21,11393.0,6.753996364385961
2014-07-28,11363.4,6.602499155690644
2014-08-04,11460.7,6.493277209414705
2014-08-11,11430.5,6.223514980298872
2014-08-18,11441.6,6.540524433849826
2014-08-25,11382.7,6.286007750128397
2014-09-01,11441.5,6.063555629716144
2014-09-08,11495.0,6.168780190448042
2014-09-15,11515.0,6.291653589824064
2014-09-22,11435.9,6.188831318365007
2014-09-29,11450.5,5.63874050907347
2014-10-06,11555.3,5.876909262500107
2014-10-13,11555.8,5.363069404427567
2014-10-20,11569.4,5.2969765367602895
2014-10-27,11524.5,5.646004070183164
2014-11-03,11573.7,5.315983438736982
2014-11-10,11620.5,5.904708091063182
2014-11-17,11642.3,5.8852954016297865
2014-11-24,11579.6,5.715016067776801
2014-12-01,11668.0,5.66830584761957
2014-12-08,11724.6,5.764234682831781
2014-12-15,11765.0,5.891777073732718
2014-12-22,11783.8,5.888484521723503
2014-12-29,11799.0,5.91942260045244
2015-01-05,11829.1,5.709460063269645
2015-01-12,11806.0,5.956579880276069
2015-01-19,11762.0,5.847626932560601
2015-01-26,11686.2,5.8158802596908865
2015-02-02,11787.6,6.185028375821999
2015-02-09,11821.0,6.020789797034887
2015-02-16,11863.9,5.941867214359053
2015-02-23,11849.4,6.300293349839858
2015-03-02,11926.7,6.319420920323071
2015-03-09,11955.2,6.066682044821414
2015-03-16,11987.3,5.988505747126438
2015-03-23,11932.3,5.898275601941827
2015-03-30,11969.5,5.78903177338812
2015-04-06,12121.2,6.407521529588389
2015-04-13,12099.9,5.994428676547869
2015-04-20,12042.9,6.062794486767364
2015-04-27,11861.6,5.620458754808388
2015-05-04,11906.7,5.515627907801113
2015-05-11,11913.5,5.569339831634923
2015-05-18,11927.7,5.765462203502558
2015-05-25,11881.8,5.612244897959173
2015-06-01,11940.9,5.25995662981964
2015-06-08,11979.4,5.429262926292622
2015-06-15,11995.1,5.410654340299148
2015-06-22,11939.4,5.760423771602685
2015-06-29,11957.2,5.422228491826986
2015-07-06,12090.4,5.819438974224322
2015-07-13,12044.9,5.449817901666898
2015-07-20,12009.8,5.413850610023685
2015-07-27,11959.8,5.248429167326685
2015-08-03,12044.2,5.091312049002239
2015-08-10,12072.8,5.619176763921074
2015-08-17,12107.1,5.816494196615851
2015-08-24,12051.3,5.873826069385979
2015-08-31,12086.5,5.637372722108114
2015-09-07,12170.3,5.874728142670715
2015-09-14,12196.3,5.916630481980012
2015-09-21,12142.2,6.176164534492257
2015-09-28,12083.5,5.528142875856945
2015-10-05,12180.3,5.408773463259275
2015-10-12,12170.2,5.316810605929501
2015-10-19,12177.1,5.252649229864992
2015-10-26,12142.6,5.363356327823343
2015-11-02,12259.9,5.928959623975039
2015-11-09,12302.5,5.868938513833322
2015-11-16,12334.0,5.941265901067672
2015-11-23,12281.1,6.0580676361877694
2015-11-30,12315.5,5.549365786767235
2015-12-07,12379.9,5.589103252989425
2015-12-14,12417.2,5.543561410964726
2015-12-21,12471.8,5.838524075425577
2015-12-28,12463.6,5.632680735655571
2016-01-04,12496.3,5.6403276665172974
2016-01-11,12551.6,6.315432830764012
2016-01-18,12508.2,6.344159156606022
2016-01-25,12422.9,6.30401670346219
2016-02-01,12465.6,5.751806983609886
2016-02-08,12478.0,5.557905422553078
2016-02-15,12545.1,5.741788113520863
2016-02-22,12531.5,5.7564096072375115
2016-02-29,12559.5,5.305742577578032
2016-03-07,12657.6,5.875267665952877
2016-03-14,12681.5,5.791128944799917
2016-03-21,12684.2,6.301383639365432
2016-03-28,12734.6,6.392079869668743
2016-04-04,12824.9,5.80553080553079
2016-04-11,12839.5,6.112447210307526
2016-04-18,12850.5,6.706025957202999
2016-04-25,12693.4,7.012544681999056
2016-05-02,12709.9,6.7457817867251135
2016-05-09,12731.1,6.86280270281614
2016-05-16,12747.9,6.876430493724683
2016-05-23,12701.4,6.897944755845087
2016-05-30,12689.2,6.266696815147954
2016-06-06,12802.3,6.86929228508939
2016-06-13,12841.9,7.059549315970681
2016-06-20,12809.3,7.285960768547839
2016-06-27,12738.4,6.5333021108620715
2016-07-04,12869.0,6.439820022497189
2016-07-11,12867.1,6.826125580121056
2016-07-18,12870.9,7.16997785142135
2016-07-25,12805.6,7.072024615796257
2016-08-01,12898.3,7.091380083359611
2016-08-08,12971.3,7.442349744881049
2016-08-15,12976.4,7.180084413278154
2016-08-22,12947.1,7.433222971795583
2016-08-29,12928.4,6.965622802300087
2016-09-05,13037.7,7.1271866757598445
2016-09-12,13078.5,7.23334125923436
2016-09-19,13034.1,7.345456342343226
2016-09-26,12938.9,7.079074771382454
2016-10-03,13049.7,7.137755227703768
2016-10-10,13099.0,7.631756257086986
2016-10-17,13118.2,7.728441090243154
2016-10-24,13027.7,7.289213183337995
2016-10-31,13078.5,6.677052830773511
2016-11-07,13161.0,6.9782564519406565
2016-11-14,13206.5,7.0739419490838396
2016-11-21,13217.7,7.626352688277116
2016-11-28,13187.4,7.079696317648487
2016-12-05,13262.0,7.125259493210767
2016-12-12,13283.6,6.977418419611503
2016-12-19,13304.3,6.675058932952749
2016-12-26,13298.6,6.699508970120993
2017-01-02,13348.6,6.820418843977816
2017-01-09,13371.7,6.533828356544191
2017-01-16,13336.5,6.6220559313090455
2017-01-23,13237.0,6.553220262579584
2017-01-30,13183.4,5.758246694904368
2017-02-06,13280.3,6.429716300689203
2017-02-13,13300.5,6.021474519932091
2017-02-20,13303.4,6.159677612416714
2017-02-27,13325.5,6.098968907997926
2017-03-06,13450.9,6.2673808620907545
2017-03-13,13505.1,6.4944998620037
2017-03-20,13504.4,6.466312420176279
2017-03-27,13473.2,5.799946602170469
2017-04-03,13584.9,5.925972132336321
2017-04-10,13635.6,6.200397211729425
2017-04-17,13676.5,6.427765456597023
2017-04-24,13471.9,6.133108544597987
2017-05-01,13452.8,5.8450499217145735
2017-05-08,13475.4,5.846313358625732
2017-05-15,13494.1,5.85351312765241
2017-05-22,13470.9,6.058387264396048
2017-05-29,13457.0,6.050814866185417
2017-06-05,13558.6,5.907532240300584
2017-06-12,13552.4,5.532670399239992
2017-06-19,13532.2,5.6435558539498665
2017-06-26,13453.9,5.616874960748608
2017-07-03,13566.7,5.421555676431744
2017-07-10,13622.2,5.868455207467105
2017-07-17,13612.2,5.75950399738947
2017-07-24,13527.9,5.640501030799028
2017-07-31,13585.4,5.327058604622326
2017-08-07,13675.1,5.4258247053109665
2017-08-14,13666.5,5.318115964366088
2017-08-21,13662.2,5.523244587591036
2017-08-28,13631.3,5.436867671173529
2017-09-04,13722.1,5.249392147387955
2017-09-11,13751.0,5.142026990862858
2017-09-18,13727.6,5.3206588870731375
2017-09-25,13619.8,5.262425708522356
2017-10-02,13744.5,5.324260327823627
2017-10-09,13784.5,5.233223910222162
2017-10-16,13795.6,5.163818206766169
2017-10-23,13711.2,5.246513198799474
2017-10-30,13717.9,4.888939863134145
2017-11-06,13828.7,5.073322695843796
2017-11-13,13832.3,4.738575701359182
2017-11-20,13828.1,4.618050038962895
2017-11-27,13810.5,4.724964739069115
2017-12-04,13885.1,4.698386367063789
2017-12-11,13942.2,4.95799331506519
2017-12-18,13973.1,5.026946175296709
2017-12-25,13941.6,4.835095423578428
2018-01-01,13969.7,4.652922403847604
2018-01-08,13976.3,4.5214894142106
2018-01-15,13927.7,4.432947175045943
2018-01-22,13830.7,4.485155246657113
2018-01-29,13752.6,4.317550859414121
2018-02-05,13846.7,4.264963893887952
2018-02-12,13842.7,4.076538475997138
2018-02-19,13849.6,4.105717335418024
2018-02-26,13849.0,3.9285580278413557
2018-03-05,14001.2,4.091176055133872
2018-03-12,14023.3,3.837068959133938
2018-03-19,14027.3,3.872071324901505
2018-03-26,14002.6,3.9292818335658897
2018-04-02,14159.7,4.23116842965352
2018-04-09,14156.9,3.823080759189179
2018-04-16,14178.2,3.668336197126454
2018-04-23,14016.8,4.044715296283363
2018-04-30,13924.1,3.5033598953377876
2018-05-07,13983.8,3.7728008073971697
2018-05-14,14000.7,3.7542333316041843
2018-05-21,13985.2,3.8178592373189657
2018-05-28,13968.7,3.802481979638861
2018-06-04,14090.3,3.9214963196790187
2018-06-11,14100.8,4.04651574628847
2018-06-18,14118.3,4.3311508845568225
2018-06-25,13997.7,4.041950661146587
2018-07-02,14123.0,4.100481325598704
2018-07-09,14160.4,3.950903671947259
2018-07-16,14151.5,3.9618871306621894
2018-07-23,14069.7,4.005056217151237
2018-07-30,14081.5,3.6517143403948404
2018-08-06,14181.0,3.699424501466164
2018-08-13,14189.7,3.8283393699923174
2018-08-20,14179.1,3.7834316581516925
2018-08-27,14143.2,3.755327811727427
2018-09-03,14235.0,3.7377660853659345
2018-09-10,14240.0,3.5561050105446856
2018-09-17,14246.2,3.7777907281680623
2018-09-24,14126.3,3.718850497070436
2018-10-01,14215.3,3.4253701480592147
2018-10-08,14226.2,3.204323696905953
2018-10-15,14256.2,3.338745687030653
2018-10-22,14202.1,3.580284730731087
2018-10-29,14165.3,3.261432143403864
2018-11-05,14255.8,3.0885043424182967
2018-11-12,14245.9,2.990102875154532
2018-11-19,14284.7,3.301972071361936
2018-11-26,14235.1,3.0744723217841496
2018-12-03,14363.3,3.4439795176123944
2018-12-10,14407.1,3.334480928404404
2018-12-17,14429.4,3.265560255061506
2018-12-24,14497.1,3.9844781086819214
2018-12-31,14544.3,4.1131878279419
2019-01-07,14548.8,4.096220029621578
2019-01-14,14501.5,4.119847498151152
2019-01-21,14410.1,4.189231203048283
2019-01-28,14340.1,4.271919491587051
2019-02-04,14404.8,4.030563238894458
2019-02-11,14409.4,4.09385452260036
2019-02-18,14409.9,4.04560420517559
2019-02-25,14390.3,3.9085854574337553
2019-03-04,14535.9,3.8189583749964173
2019-03-11,14578.7,3.9605513680802673
2019-03-18,14588.8,4.002908613917144
2019-03-25,14550.0,3.909273991972917
2019-04-01,14670.0,3.603889912921887
2019-04-08,14717.8,3.962025584697204
2019-04-15,14740.0,3.962421181814335
2019-04-22,14606.3,4.205667484732611
2019-04-29,14492.0,4.078540085176052
2019-05-06,14569.5,4.188418026573615
2019-05-13,14567.6,4.049083260122699
2019-05-20,14592.9,4.3453078969196035
2019-05-27,14582.3,4.392677915625631
2019-06-03,14714.0,4.426449401361232
2019-06-10,14755.6,4.64370815840236
2019-06-17,14796.2,4.801569594072941
2019-06-24,14675.9,4.845081691992248
2019-07-01,14795.0,4.7581958507399325
2019-07-08,14871.3,5.02033840851952
2019-07-15,14827.4,4.776172137229273
2019-07-22,14795.2,5.15647099796015
2019-07-29,14807.4,5.154990590491071
2019-08-05,14941.5,5.362809392849588
2019-08-12,14924.6,5.179108790178799
2019-08-19,14911.5,5.165348999583896
2019-08-26,14849.6,4.994626392895518
2019-09-02,14964.4,5.123990165086045
2019-09-09,15015.7,5.447331460674154
2019-09-16,15021.3,5.440749112043908
2019-09-23,14952.5,5.848665255587093
2019-09-30,15032.4,5.7480320499743165
2019-10-07,15133.1,6.374857656999056
2019-10-14,15145.0,6.234480436581968
2019-10-21,15136.1,6.576492208898688
2019-10-28,15097.2,6.578752303163382
2019-11-04,15239.2,6.8982449248726985
2019-11-11,15242.4,6.994995051207709
2019-11-18,15301.7,7.119505484889421
2019-11-25,15251.8,7.142204831718768
2019-12-02,15347.0,6.848704684856544
2019-12-09,15357.1,6.593971028173606
2019-12-16,15448.3,7.061277669203148
2019-12-23,15461.1,6.649605783225621
2019-12-30,15472.6,6.382569116423631
2020-01-06,15505.0,6.572363356428035
2020-01-13,15473.8,6.704823638933899
2020-01-20,15427.6,7.061019701459403
2020-01-27,15315.3,6.800510456691367
2020-02-03,15379.5,6.766494501832732
2020-02-10,15383.1,6.7573944786042395
2020-02-17,15414.9,6.974371786063749
2020-02-24,15350.1,6.669770609368819
2020-03-02,15510.2,6.702715346142996
2020-03-09,15645.9,7.320268611055858
2020-03-16,15839.5,8.573014915551669
2020-03-23,16209.8,11.407560137457029
2020-03-30,16628.8,13.352419904567148
2020-04-06,16787.3,14.061204799630378
2020-04-13,16933.8,14.883310719131604
2020-04-20,17195.1,17.723858882810827
2020-04-27,17334.1,19.61150979850952
2020-05-04,17552.1,20.471532997014297
2020-05-11,17689.8,21.432494027842598
2020-05-18,17822.4,22.1306251670333
2020-05-25,17797.3,22.047276492734348
2020-06-01,17928.4,21.845861084681275
2020-06-08,18040.4,22.26137873078695
2020-06-15,18128.8,22.523350590016356
2020-06-22,18119.2,23.46227488603767
2020-06-29,18173.7,22.836769178776617
2020-07-06,18357.0,23.43910754271652
2020-07-13,18359.9,23.8241363961315
2020-07-20,18257.6,23.402184492267743
2020-07-27,18125.4,22.407715061388235
2020-08-03,18237.2,22.057357025733705
2020-08-10,18303.7,22.641142811197625
2020-08-17,18373.1,23.21429768970258
2020-08-24,18273.6,23.05786014438098
2020-08-31,18392.7,22.909705701531635
2020-09-07,18528.0,23.390850909381513
2020-09-14,18611.7,23.902059076111936
2020-09-21,18564.1,24.15382043136598
2020-09-28,18501.5,23.077485963651846
2020-10-05,18645.2,23.208067084734797
2020-10-12,18657.5,23.19247276328822
2020-10-19,18713.0,23.63158277231254
2020-10-26,18650.7,23.537477148080434
2020-11-02,18838.2,23.61672528741665
2020-11-09,18918.2,24.11562483598384
2020-11-16,19001.0,24.175745178640273
2020-11-23,18975.7,24.416134489043916
2020-11-30,19055.5,24.164331791229564
2020-12-07,19161.2,24.770952849170747
2020-12-14,19210.3,24.35219409255387
2020-12-21,19263.5,24.593334238831655
2020-12-28,19294.6,24.701730801545942
2021-01-04,19365.2,24.896485004837142
2021-01-11,19426.2,25.542529953857507
2021-01-18,19396.8,25.72791620213124
2021-01-25,19278.0,25.874125874125873
2021-02-01,19382.6,26.028804577522013
2021-02-08,19416.4,26.219032574708613
2021-02-15,19523.9,26.656027609650423
2021-02-22,19534.1,27.25715141920899
2021-03-01,19620.9,26.503204342948507
2021-03-08,19712.9,25.99403038495709
2021-03-15,19850.1,25.32024369456105
2021-03-22,20027.2,23.54995126405015
2021-03-29,20101.1,20.881242182238037
2021-04-05,20305.9,20.959892299535966
2021-04-12,20293.9,19.84256339392223
2021-04-19,20288.1,17.987682537467077
2021-04-26,20135.3,16.16005445912969
2021-05-03,20259.5,15.424934908073684
2021-05-10,20339.6,14.979253581159767
2021-05-17,20389.9,14.40602836879432
2021-05-24,20221.8,13.622852904654081
2021-05-31,20269.0,13.055264273443235
2021-06-07,20405.7,13.111128356355728
2021-06-14,20491.4,13.032302193195378
2021-06-21,20395.2,12.561260982824841
2021-06-28,20335.0,11.892459983382576
2021-07-05,20556.2,11.980171051914802
2021-07-12,20548.6,11.921088894819665
2021-07-19,20578.0,12.709227937954616
2021-07-26,20530.2,13.26756926743684
2021-08-02,20656.4,13.265194218410725
2021-08-09,20714.8,13.172746493878273
2021-08-16,20785.2,13.128432327696494
2021-08-23,20760.6,13.609797741003415
2021-08-30,20792.0,13.044849315217455
2021-09-06,20934.5,12.988449913644207
2021-09-13,20979.1,12.719955726774002
2021-09-20,20934.1,12.766576348974645
2021-09-27,20844.2,12.662216577034302
2021-10-04,21049.3,12.893935168300686
2021-10-11,21073.6,12.94975211041136
2021-10-18,21148.1,13.01287874739485
2021-10-25,21036.5,12.792013168406546
2021-11-01,21179.9,12.430593156458691
2021-11-08,21261.5,12.38648497214323
2021-11-15,21326.9,12.24093468764802
2021-11-22,21356.7,12.547626701518254
2021-11-29,21385.0,12.224816981973706
2021-12-06,21527.9,12.35152286913137
2021-12-13,21582.1,12.346501616320404
2021-12-20,21707.6,12.687725491213953
2021-12-27,21751.7,12.734651145916477
2022-01-03,21728.2,12.202301034846009
2022-01-10,21747.0,11.946752324180743
2022-01-17,21720.1,11.9777489070362
2022-01-24,21536.1,11.713352007469657
2022-01-31,21524.8,11.052180821974344
2022-02-07,21562.1,11.050967223584163
2022-02-14,21572.0,10.49021967946977
2022-02-21,21575.2,10.448907295447452
2022-02-28,21659.7,10.390960659296965
2022-03-07,21812.7,10.65190814136936
2022-03-14,21863.2,10.141510622112747
2022-03-21,21867.6,9.189502276903404
2022-03-28,21854.2,8.721413255990985
2022-04-04,21996.9,8.327628915733843
2022-04-11,21983.0,8.323190712480088
2022-04-18,22056.0,8.713975187425138
2022-04-25,21609.2,7.319980333046949
2022-05-02,21615.3,6.692169105851575
2022-05-09,21552.1,5.961277507915597
2022-05-16,21584.1,5.85682126935394
2022-05-23,21539.8,6.517718501814884
2022-05-30,21525.6,6.199615175884343
2022-06-06,21624.2,5.971370744448845
2022-06-13,21598.7,5.4037303454131935
2022-06-20,21555.7,5.690064328861699
2022-06-27,21530.0,5.876567494467677
2022-07-04,21626.1,5.20475574279291
2022-07-11,21591.4,5.074798283094717
2022-07-18,21568.6,4.813878899795898
2022-07-25,21522.0,4.830931992869036
2022-08-01,21591.2,4.525473945121128
2022-08-08,21583.3,4.192654527197948
2022-08-15,21591.4,3.8787213979177615
2022-08-22,21537.8,3.7436297602188695
2022-08-29,21471.3,3.2671219699884624
2022-09-05,21539.9,2.8918770450691467
2022-09-12,21536.3,2.6559766624879133
2022-09-19,21479.8,2.6067516635537302
2022-09-26,21357.5,2.4625555310350045
2022-10-03,21429.5,1.8062358368211795
2022-10-10,21398.7,1.5426884822716591
2022-10-17,21431.1,1.3381816806237845
2022-10-24,21290.0,1.2050483683122115
2022-10-31,21342.1,0.7658204240813093
2022-11-07,21378.1,0.5484090962537769
2022-11-14,21377.2,0.23585237423160432
2022-11-21,21381.8,0.11752752063753924
2022-11-28,21341.7,-0.20247837269113944
2022-12-05,21408.9,-0.5527710552353016
2022-12-12,21406.8,-0.8122471863256986
2022-12-19,21419.8,-1.325802944590826
2022-12-26,21394.5,-1.6421704970186246
2023-01-02,21364.3,-1.6747820804300484
2023-01-09,21417.1,-1.5169908493125606
2023-01-16,21327.8,-1.806161113438698
2023-01-23,21182.6,-1.6414299710718283
2023-01-30,21091.6,-2.0125622537723986
2023-02-06,21162.6,-1.852787993748295
2023-02-13,21097.7,-2.198683478583341
2023-02-20,21088.5,-2.2558307686603163
2023-02-27,21085.9,-2.6491594989773604
2023-03-06,21134.4,-3.109656301145658
2023-03-13,21130.5,-3.351293497749641
2023-03-20,20992.1,-4.003640088532812
2023-03-27,20865.4,-4.524530753813904
2023-04-03,20924.4,-4.875687028626762
2023-04-10,21020.9,-4.376563708320058
2023-04-17,20942.3,-5.049419659049692
2023-04-24,20660.0,-4.392573533494993
2023-05-01,20621.9,-4.595818702493126
2023-05-08,20686.3,-4.017241939300575
2023-05-15,20681.7,-4.180855351856216
2023-05-22,20662.6,-4.072461211339018
2023-05-29,20721.2,-3.7369457761920577
2023-06-05,20823.7,-3.7018710518770592
2023-06-12,20750.2,-3.928477176867129
2023-06-19,20718.3,-3.8848193285302757
2023-06-26,20646.5,-4.103576405016252
2023-07-03,20744.8,-4.075168430738785
2023-07-10,20757.5,-3.8621858703002165
2023-07-17,20747.0,-3.809241211761538
2023-07-24,20634.9,-4.121828826317254
2023-07-31,20676.9,-4.234595575975398
2023-08-07,20731.6,-3.9461064804733326
2023-08-14,20711.3,-4.076159952573722
2023-08-21,20650.8,-4.118340777609597
2023-08-28,20622.6,-3.952718279750178
2023-09-04,20706.4,-3.869562997042697
2023-09-11,20704.0,-3.8646378440121976
2023-09-18,20673.5,-3.753759345990182
2023-09-25,20568.2,-3.695657263256469
2023-10-02,20664.7,-3.5689120138127306
2023-10-09,20663.9,-3.433853458387659
2023-10-16,20715.1,-3.340939102519236
2023-10-23,20554.9,-3.4527947393142244
2023-10-30,20551.5,-3.7044152168718147
2023-11-06,20666.4,-3.329107825297839
2023-11-13,20668.3,-3.316149916733724
2023-11-20,20719.5,-3.097494130522216
2023-11-27,20709.9,-2.960401467549445
2023-12-04,20809.5,-2.7997701890335347
2023-12-11,20807.7,-2.7986434217164624
2023-12-18,20880.8,-2.516363364737295
2023-12-25,20907.0,-2.2786230105868333
2024-01-01,20889.1,-2.2242713311458884
2024-01-08,20917.6,-2.3322485303799323
2024-01-15,20902.7,-1.9931732293063442
2024-01-22,20773.6,-1.930830020866181
2024-01-29,20719.9,-1.7623129587134079
2024-02-05,20848.9,-1.482332038596379
2024-02-12,20770.0,-1.5532498803187078
2024-02-19,20781.5,-1.455769732318557
2024-02-26,20770.4,-1.4962605342906832
2024-03-04,20936.2,-0.9378075554546172
2024-03-11,20986.3,-0.6824258772863856
2024-03-18,21065.6,0.3501317162170503
2024-03-25,21021.0,0.7457321690453877
2024-04-01,21193.2,1.284624648735444
2024-04-08,21178.0,0.7473514454661823
2024-04-15,21179.2,1.1312033539773614
2024-04-22,20913.5,1.2270087124879092
2024-04-29,20830.0,1.00912137096969
2024-05-06,20915.6,1.1084630890976221
2024-05-13,20868.2,0.9017633946919235
2024-05-20,20896.5,1.131996941333635
2024-05-27,20843.7,0.5911819778777305
2024-06-03,20992.1,0.8086939400778759
2024-06-10,21025.0,1.3243245848232776
2024-06-17,21041.5,1.5599735499534306
2024-06-24,20946.2,1.4515777492553283
2024-07-01,20984.8,1.1569164320697212
2024-07-08,21055.6,1.4361074310490052
2024-07-15,21042.5,1.4243023087675333
2024-07-22,20977.2,1.6588401203785796
2024-07-29,20950.9,1.3251502884861877
2024-08-05,21118.0,1.8638214127226105
2024-08-12,21096.3,1.8588886260157533
2024-08-19,21110.8,2.2275166095260257
2024-08-26,21056.2,2.1025476903979268
2024-09-02,21157.1,2.176621720820604
2024-09-09,21246.3,2.6193006182380074
2024-09-16,21222.0,2.653155005199892
2024-09-23,21120.0,2.6827821588665923
2024-09-30,21166.9,2.4302312639428614
2024-10-07,21255.5,2.862963912910921
2024-10-14,21227.3,2.472592456710321
2024-10-21,21224.3,3.2566444010917017
2024-10-28,21193.0,3.1214266598545093
2024-11-04,21365.6,3.383269461541416
2024-11-11,21404.4,3.561492720736603
2024-11-18,21447.1,3.5116677526002116
2024-11-25,21373.8,3.2057132096243723
2024-12-02,21500.0,3.3181960162425916
2024-12-09,21541.0,3.524176146330449
2024-12-16,21578.0,3.3389525305543843
2024-12-23,21609.8,3.361553546659013
2024-12-30,21621.7,3.507092215557406
2025-01-06,21631.5,3.4129154396297823
2025-01-13,21640.9,3.531601180708721
2025-01-20,21556.9,3.7706512111526314
2025-01-27,21453.0,3.5381444891143143
2025-02-03,21479.6,3.0250996455448265
2025-02-10,21475.8,3.398170438131909
2025-02-17,21501.4,3.46413877727787
2025-02-24,21498.4,3.504987867349696
2025-03-03,21622.7,3.2790095623847604
2025-03-10,21727.1,3.5299219014309324
2025-03-17,21843.2,3.6913261430958633
2025-03-24,21804.8,3.728652300080859
2025-03-31,21891.6,3.295396636657033
2025-04-07,21996.5,3.864859760128425
2025-04-14,22024.1,3.989291380222104
2025-04-21,21841.4,4.436847012695155
2025-04-28,21679.0,4.0758521363418065
2025-05-05,21727.6,3.88226969343457
2025-05-12,21715.8,4.061682368388264
2025-05-19,21739.5,4.034168401406935
2025-05-26,21677.5,4.000249475860818
2025-06-02,21821.1,3.949104663182812
2025-06-09,21876.5,4.049940546967901
2025-06-16,21921.2,4.180785590380909
2025-06-23,21832.9,4.233226074419227
2025-06-30,21917.8,4.4460752544698945
2025-07-07,21996.5,4.468644921066134
2025-07-14,21962.4,4.371628846382336
2025-07-21,21922.4,4.50584444063078
2025-07-28,21871.4,4.393606002606099
2025-08-04,22032.3,4.329481958518788
2025-08-11,22026.4,4.408829984404861
2025-08-18,22073.0,4.5578566420978905
2025-08-25,21978.2,4.378757800552813
2025-09-01,22070.9,4.319117459387178
2025-09-08,22159.7,4.2991014906125
2025-09-15,22197.4,4.596173781924429
2025-09-22,22082.5,4.557291666666674
2025-09-29,22092.7,4.373810052487603
2025-10-06,22243.7,4.649149631859983
